,symbol,exchange,industry,sector,name
2S,2S,MAI,สินค้าอุตสาหกรรม,-,บริษัท 2 เอส เมทัล จำกัด (มหาชน)
7UP,7UP,SET,ทรัพยากร,พลังงานและสาธารณูปโภค,บริษัท เซเว่น ยูทิลิตี้ส์ แอนด์ พาวเวอร์ จำกัด (มหาชน)
A,A,SET,อสังหาริมทรัพย์และก่อสร้าง,พัฒนาอสังหาริมทรัพย์,บริษัท อารียา พรอพเพอร์ตี้ จำกัด (มหาชน)
A5,A5,MAI,บริการ,-,บริษัท แอสเซท ไฟว์ กรุ๊ป จำกัด (มหาชน)
AAV,AAV,SET,บริการ,ขนส่งและโลจิสติกส์,บริษัท เอเชีย เอวิเอชั่น จำกัด (มหาชน)
ABICO,ABICO,MAI,เกษตรและอุตสาหกรรมอาหาร,-,บริษัท เอบิโก้ โฮลดิ้งส์ จำกัด (มหาชน)
ABM,ABM,MAI,ทรัพยากร,-,บริษัท เอเชีย ไบโอแมส จำกัด (มหาชน)
ABPIF,ABPIF,SET,ทรัพยากร,พลังงานและสาธารณูปโภค,กองทุนรวมโครงสร้างพื้นฐานโรงไฟฟ้า อมตะ บี.กริม เพาเวอร์
ACAP,ACAP,MAI,ธุรกิจการเงิน,-,บริษัท เอเชีย แคปปิตอล กรุ๊ป จำกัด (มหาชน)
ACC,ACC,SET,สินค้าอุปโภคบริโภค,ของใช้ในครัวเรือนและสำนักงาน,บริษัท แอดวานซ์ คอนเนคชั่น คอร์ปอเรชั่น จำกัด (มหาชน)
ACG,ACG,MAI,สินค้าอุตสาหกรรม,-,บริษัท ออโตคอร์ป โฮลดิ้ง จำกัด (มหาชน)
ADB,ADB,MAI,สินค้าอุตสาหกรรม,-,บริษัท แอ็พพลาย ดีบี จำกัด (มหาชน)
ADVANC,ADVANC,SET,เทคโนโลยี,เทคโนโลยีสารสนเทศและการสื่อสาร,บริษัท แอดวานซ์ อินโฟร์ เซอร์วิส จำกัด (มหาชน)
AEC,AEC,SET,ธุรกิจการเงิน,เงินทุนและหลักทรัพย์,บริษัทหลักทรัพย์ เออีซี จำกัด (มหาชน)
AEONTS,AEONTS,SET,ธุรกิจการเงิน,เงินทุนและหลักทรัพย์,บริษัท อิออน ธนสินทรัพย์ (ไทยแลนด์) จำกัด (มหาชน)
AF,AF,MAI,ธุรกิจการเงิน,-,บริษัท ไอร่า แฟคตอริ่ง จำกัด (มหาชน)
AFC,AFC,SET,สินค้าอุปโภคบริโภค,แฟชั่น,บริษัท เอเซียไฟเบอร์ จำกัด (มหาชน)
AGE,AGE,MAI,ทรัพยากร,-,บริษัท เอเชีย กรีน เอนเนอจี จำกัด (มหาชน)
AH,AH,SET,สินค้าอุตสาหกรรม,ยานยนต์,บริษัท อาปิโก ไฮเทค จำกัด (มหาชน)
AHC,AHC,SET,บริการ,การแพทย์,บริษัท โรงพยาบาลเอกชล จำกัด (มหาชน)
AI,AI,SET,ทรัพยากร,พลังงานและสาธารณูปโภค,บริษัท เอเชียน อินซูเลเตอร์ จำกัด (มหาชน)
AIE,AIE,MAI,ทรัพยากร,-,บริษัท เอไอ เอนเนอร์จี จำกัด (มหาชน)
AIMCG,AIMCG,SET,อสังหาริมทรัพย์และก่อสร้าง,กองทุนรวมอสังหาริมทรัพย์และกองทรัสต์เพื่อการลงทุนในอสังหาริมทรัพย์,ทรัสต์เพื่อการลงทุนในอสังหาริมทรัพย์และสิทธิการเช่าอสังหาริมทรัพย์ เอไอเอ็ม คอมเมอร์เชียล โกรท
AIMIRT,AIMIRT,SET,อสังหาริมทรัพย์และก่อสร้าง,กองทุนรวมอสังหาริมทรัพย์และกองทรัสต์เพื่อการลงทุนในอสังหาริมทรัพย์,ทรัสต์เพื่อการลงทุนในอสังหาริมทรัพย์และสิทธิการเช่าอสังหาริมทรัพย์ เอไอเอ็ม อินดัสเทรียล โกรท
AIRA,AIRA,MAI,ธุรกิจการเงิน,-,บริษัท ไอร่า แคปปิตอล จำกัด (มหาชน)
AIT,AIT,SET,เทคโนโลยี,เทคโนโลยีสารสนเทศและการสื่อสาร,บริษัท แอ็ดวานซ์ อินฟอร์เมชั่น เทคโนโลยี จำกัด (มหาชน)
AJ,AJ,SET,สินค้าอุตสาหกรรม,บรรจุภัณฑ์,บริษัท เอ.เจ.พลาสท์ จำกัด (มหาชน)
AJA,AJA,SET,สินค้าอุปโภคบริโภค,ของใช้ในครัวเรือนและสำนักงาน,บริษัท เอเจ แอดวานซ์ เทคโนโลยี จำกัด (มหาชน)
AKP,AKP,MAI,บริการ,-,บริษัท อัคคีปราการ จำกัด (มหาชน)
AKR,AKR,SET,ทรัพยากร,พลังงานและสาธารณูปโภค,บริษัท เอกรัฐวิศวกรรม จำกัด (มหาชน)
ALLA,ALLA,SET,สินค้าอุตสาหกรรม,วัสดุอุตสาหกรรมและเครื่องจักร,บริษัท ออลล่า จำกัด (มหาชน)
ALT,ALT,SET,เทคโนโลยี,เทคโนโลยีสารสนเทศและการสื่อสาร,บริษัท เอแอลที เทเลคอม จำกัด (มหาชน)
ALUCON,ALUCON,SET,สินค้าอุตสาหกรรม,บรรจุภัณฑ์,บริษัท อลูคอน จำกัด (มหาชน)
AMA,AMA,MAI,บริการ,-,บริษัท อาม่า มารีน จำกัด (มหาชน)
AMANAH,AMANAH,SET,ธุรกิจการเงิน,เงินทุนและหลักทรัพย์,บริษัท อะมานะฮ์ ลิสซิ่ง จำกัด (มหาชน)
AMATA,AMATA,SET,อสังหาริมทรัพย์และก่อสร้าง,พัฒนาอสังหาริมทรัพย์,บริษัท อมตะ คอร์ปอเรชัน จำกัด (มหาชน)
AMATAR,AMATAR,SET,อสังหาริมทรัพย์และก่อสร้าง,กองทุนรวมอสังหาริมทรัพย์และกองทรัสต์เพื่อการลงทุนในอสังหาริมทรัพย์,ทรัสต์เพื่อการลงทุนในอสังหาริมทรัพย์และสิทธิการเช่าอมตะซัมมิทโกรท
AMATAV,AMATAV,SET,อสังหาริมทรัพย์และก่อสร้าง,พัฒนาอสังหาริมทรัพย์,บริษัท อมตะ วีเอ็น จำกัด (มหาชน)
AMC,AMC,SET,สินค้าอุตสาหกรรม,เหล็ก,บริษัท เอเซีย เมทัล จำกัด (มหาชน)
ANAN,ANAN,SET,อสังหาริมทรัพย์และก่อสร้าง,พัฒนาอสังหาริมทรัพย์,บริษัท อนันดา ดีเวลลอปเม้นท์ จำกัด (มหาชน)
AOT,AOT,SET,บริการ,ขนส่งและโลจิสติกส์,บริษัท ท่าอากาศยานไทย จำกัด (มหาชน)
AP,AP,SET,อสังหาริมทรัพย์และก่อสร้าง,พัฒนาอสังหาริมทรัพย์,บริษัท เอพี (ไทยแลนด์) จำกัด (มหาชน)
APCO,APCO,SET,สินค้าอุปโภคบริโภค,ของใช้ส่วนตัวและเวชภัณฑ์,บริษัท เอเชียน ไฟย์โตซูติคอลส์ จำกัด (มหาชน)
APCS,APCS,SET,สินค้าอุตสาหกรรม,ยานยนต์,บริษัท เอเซีย พรีซิชั่น จำกัด (มหาชน)
APP,APP,MAI,เทคโนโลยี,-,บริษัท แอพพลิแคด จำกัด (มหาชน)
APURE,APURE,SET,เกษตรและอุตสาหกรรมอาหาร,อาหารและเครื่องดื่ม,บริษัท อกริเพียว โฮลดิ้งส์ จำกัด (มหาชน)
AQ,AQ,SET,อสังหาริมทรัพย์และก่อสร้าง,พัฒนาอสังหาริมทรัพย์,บริษัท เอคิว เอสเตท จำกัด (มหาชน)
AQUA,AQUA,SET,บริการ,สื่อและสิ่งพิมพ์,บริษัท อควา คอร์เปอเรชั่น จำกัด (มหาชน)
ARIN,ARIN,MAI,อสังหาริมทรัพย์และก่อสร้าง,-,บริษัท อรินสิริ แลนด์ จำกัด (มหาชน)
ARIP,ARIP,MAI,บริการ,-,บริษัท เออาร์ไอพี จำกัด (มหาชน)
ARROW,ARROW,MAI,อสังหาริมทรัพย์และก่อสร้าง,-,บริษัท แอร์โรว์ ซินดิเคท จำกัด (มหาชน)
AS,AS,SET,บริการ,สื่อและสิ่งพิมพ์,บริษัท เอเชียซอฟท์ คอร์ปอเรชั่น จำกัด (มหาชน)
ASAP,ASAP,SET,ธุรกิจการเงิน,เงินทุนและหลักทรัพย์,บริษัท ซินเนอร์เจติค ออโต้ เพอร์ฟอร์มานซ์ จำกัด (มหาชน)
ASEFA,ASEFA,SET,สินค้าอุตสาหกรรม,วัสดุอุตสาหกรรมและเครื่องจักร,บริษัท อาซีฟา จำกัด (มหาชน)
ASIA,ASIA,SET,บริการ,การท่องเที่ยวและสันทนาการ,บริษัท เอเชียโฮเต็ล จำกัด (มหาชน)
ASIAN,ASIAN,SET,เกษตรและอุตสาหกรรมอาหาร,อาหารและเครื่องดื่ม,บริษัท เอเชี่ยนซี คอร์ปอเรชั่น จำกัด (มหาชน)
ASIMAR,ASIMAR,SET,บริการ,ขนส่งและโลจิสติกส์,บริษัท เอเชียน มารีน เซอร์วิสส์ จำกัด (มหาชน)
ASK,ASK,SET,ธุรกิจการเงิน,เงินทุนและหลักทรัพย์,บริษัท เอเซียเสริมกิจลีสซิ่ง จำกัด (มหาชน)
ASN,ASN,MAI,ธุรกิจการเงิน,-,บริษัท เอเอสเอ็น โบรกเกอร์ จำกัด (มหาชน)
ASP,ASP,SET,ธุรกิจการเงิน,เงินทุนและหลักทรัพย์,บริษัท เอเซีย พลัส กรุ๊ป โฮลดิ้งส์ จำกัด (มหาชน)
ATP30,ATP30,MAI,บริการ,-,บริษัท เอทีพี 30 จำกัด (มหาชน)
AU,AU,MAI,เกษตรและอุตสาหกรรมอาหาร,-,บริษัท อาฟเตอร์ ยู จำกัด (มหาชน)
AUCT,AUCT,MAI,บริการ,-,บริษัท สหการประมูล จำกัด (มหาชน)
AWC,AWC,SET,อสังหาริมทรัพย์และก่อสร้าง,พัฒนาอสังหาริมทรัพย์,บริษัท แอสเสท เวิรด์ คอร์ป จำกัด (มหาชน)
AYUD,AYUD,SET,ธุรกิจการเงิน,ประกันภัยและประกันชีวิต,บริษัท อลิอันซ์ อยุธยา แคปปิตอล จำกัด (มหาชน)
B,B,SET,บริการ,ขนส่งและโลจิสติกส์,บริษัท บี จิสติกส์ จำกัด (มหาชน)
B52,B52,SET,สินค้าอุปโภคบริโภค,แฟชั่น,บริษัท บี-52 แคปปิตอล จำกัด (มหาชน)
BA,BA,SET,บริการ,ขนส่งและโลจิสติกส์,บริษัท การบินกรุงเทพ จำกัด (มหาชน)
BAFS,BAFS,SET,ทรัพยากร,พลังงานและสาธารณูปโภค,บริษัท บริการเชื้อเพลิงการบินกรุงเทพ จำกัด (มหาชน)
BAM,BAM,SET,ธุรกิจการเงิน,เงินทุนและหลักทรัพย์,บริษัทบริหารสินทรัพย์ กรุงเทพพาณิชย์ จำกัด (มหาชน)
BANPU,BANPU,SET,ทรัพยากร,พลังงานและสาธารณูปโภค,บริษัท บ้านปู จำกัด (มหาชน)
BAT-3K,BAT-3K,SET,สินค้าอุตสาหกรรม,ยานยนต์,บริษัท ฮิตาชิ เคมิคอล สโตเรจ แบตเตอรี่ (ประเทศไทย) จำกัด (มหาชน)
BAY,BAY,SET,ธุรกิจการเงิน,ธนาคาร,ธนาคารกรุงศรีอยุธยา จำกัด (มหาชน)
BBL,BBL,SET,ธุรกิจการเงิน,ธนาคาร,ธนาคารกรุงเทพ จำกัด (มหาชน)
BC,BC,MAI,อสังหาริมทรัพย์และก่อสร้าง,-,บริษัท บูทิค คอร์ปอเรชั่น จำกัด (มหาชน)
BCH,BCH,SET,บริการ,การแพทย์,บริษัท บางกอก เชน ฮอสปิทอล จำกัด (มหาชน)
BCP,BCP,SET,ทรัพยากร,พลังงานและสาธารณูปโภค,บริษัท บางจาก คอร์ปอเรชั่น จำกัด (มหาชน)
BCT,BCT,SET,สินค้าอุตสาหกรรม,ปิโตรเคมีและเคมีภัณฑ์,บริษัท เบอร์ล่า คาร์บอน (ไทยแลนด์) จำกัด (มหาชน)
BDMS,BDMS,SET,บริการ,การแพทย์,บริษัท กรุงเทพดุสิตเวชการ จำกัด(มหาชน)
BEAUTY,BEAUTY,SET,บริการ,พาณิชย์,บริษัท บิวตี้ คอมมูนิตี้ จำกัด (มหาชน)
BEC,BEC,SET,บริการ,สื่อและสิ่งพิมพ์,บริษัท บีอีซี เวิลด์ จำกัด (มหาชน)
BEM,BEM,SET,บริการ,ขนส่งและโลจิสติกส์,บริษัท ทางด่วนและรถไฟฟ้ากรุงเทพ จำกัด (มหาชน)
BFIT,BFIT,SET,ธุรกิจการเงิน,เงินทุนและหลักทรัพย์,บริษัทเงินทุน ศรีสวัสดิ์ จำกัด (มหาชน)
BGC,BGC,SET,สินค้าอุตสาหกรรม,บรรจุภัณฑ์,บริษัท บีจี คอนเทนเนอร์ กล๊าส จำกัด (มหาชน)
BGRIM,BGRIM,SET,ทรัพยากร,พลังงานและสาธารณูปโภค,บริษัท บี.กริม เพาเวอร์ จำกัด (มหาชน)
BGT,BGT,MAI,สินค้าอุปโภคบริโภค,-,บริษัท บีจีที คอร์ปอเรชั่น จำกัด (มหาชน)
BH,BH,SET,บริการ,การแพทย์,บริษัท โรงพยาบาลบำรุงราษฎร์ จำกัด (มหาชน)
BIG,BIG,SET,บริการ,พาณิชย์,บริษัท บิ๊ก คาเมร่า คอร์ปอเรชั่น จำกัด (มหาชน)
BIZ,BIZ,MAI,สินค้าอุปโภคบริโภค,-,บริษัท บิสซิเนสอะไลเม้นท์ จำกัด (มหาชน)
BJC,BJC,SET,บริการ,พาณิชย์,บริษัท เบอร์ลี่ ยุคเกอร์ จำกัด (มหาชน)
BJCHI,BJCHI,SET,อสังหาริมทรัพย์และก่อสร้าง,บริการรับเหมาก่อสร้าง,บริษัท บีเจซี เฮฟวี่ อินดัสทรี จำกัด (มหาชน)
BKD,BKD,SET,อสังหาริมทรัพย์และก่อสร้าง,บริการรับเหมาก่อสร้าง,บริษัท บางกอก เดค-คอน จำกัด (มหาชน)
BKI,BKI,SET,ธุรกิจการเงิน,ประกันภัยและประกันชีวิต,บริษัท กรุงเทพประกันภัย จำกัด (มหาชน)
BLA,BLA,SET,ธุรกิจการเงิน,ประกันภัยและประกันชีวิต,บริษัท กรุงเทพประกันชีวิต จำกัด (มหาชน)
BM,BM,MAI,สินค้าอุตสาหกรรม,-,บริษัท บางกอกชีทเม็ททัล จำกัด (มหาชน)
BOFFICE,BOFFICE,SET,อสังหาริมทรัพย์และก่อสร้าง,กองทุนรวมอสังหาริมทรัพย์และกองทรัสต์เพื่อการลงทุนในอสังหาริมทรัพย์,ทรัสต์เพื่อการลงทุนในสิทธิการเช่าอสังหาริมทรัพย์ภิรัชออฟฟิศ
BOL,BOL,MAI,บริการ,-,บริษัท บิซิเนส ออนไลน์ จำกัด (มหาชน)
BPP,BPP,SET,ทรัพยากร,พลังงานและสาธารณูปโภค,บริษัท บ้านปู เพาเวอร์ จำกัด (มหาชน)
BR,BR,SET,เกษตรและอุตสาหกรรมอาหาร,อาหารและเครื่องดื่ม,บริษัท บางกอกแร้นช์ จำกัด (มหาชน)
BROCK,BROCK,SET,อสังหาริมทรัพย์และก่อสร้าง,พัฒนาอสังหาริมทรัพย์,บริษัท บ้านร็อคการ์เด้น จำกัด (มหาชน)
BROOK,BROOK,MAI,ธุรกิจการเงิน,-,บริษัท บรุ๊คเคอร์ กรุ๊ป จำกัด (มหาชน)
BRR,BRR,SET,เกษตรและอุตสาหกรรมอาหาร,อาหารและเครื่องดื่ม,บริษัท น้ำตาลบุรีรัมย์ จำกัด (มหาชน)
BRRGIF,BRRGIF,SET,ทรัพยากร,พลังงานและสาธารณูปโภค,กองทุนรวมโครงสร้างพื้นฐานโรงไฟฟ้ากลุ่มน้ำตาลบุรีรัมย์
BSBM,BSBM,SET,สินค้าอุตสาหกรรม,เหล็ก,บริษัท บางสะพานบาร์มิล จำกัด (มหาชน)
BSM,BSM,MAI,อสังหาริมทรัพย์และก่อสร้าง,-,บริษัท บิวเดอสมาร์ท จำกัด (มหาชน)
BTNC,BTNC,SET,สินค้าอุปโภคบริโภค,แฟชั่น,บริษัท บูติคนิวซิตี้ จำกัด (มหาชน)
BTS,BTS,SET,บริการ,ขนส่งและโลจิสติกส์,บริษัท บีทีเอส กรุ๊ป โฮลดิ้งส์ จำกัด (มหาชน)
BTSGIF,BTSGIF,SET,บริการ,ขนส่งและโลจิสติกส์,กองทุนรวมโครงสร้างพื้นฐานระบบขนส่งมวลชนทางราง บีทีเอสโกรท
BTW,BTW,MAI,อสังหาริมทรัพย์และก่อสร้าง,-,บริษัท บีที เวลธ์ อินดัสตรีส์ จำกัด (มหาชน)
BUI,BUI,SET,ธุรกิจการเงิน,ประกันภัยและประกันชีวิต,บริษัท บางกอกสหประกันภัย จำกัด (มหาชน)
BWG,BWG,SET,บริการ,บริการเฉพาะกิจ,บริษัท เบตเตอร์ เวิลด์ กรีน จำกัด (มหาชน)
B-WORK,B-WORK,SET,อสังหาริมทรัพย์และก่อสร้าง,กองทุนรวมอสังหาริมทรัพย์และกองทรัสต์เพื่อการลงทุนในอสังหาริมทรัพย์,ทรัสต์เพื่อการลงทุนในสิทธิการเช่าอสังหาริมทรัพย์บัวหลวง ออฟฟิศ
CAZ,CAZ,MAI,อสังหาริมทรัพย์และก่อสร้าง,-,บริษัท ซี เอ แซด (ประเทศไทย) จำกัด (มหาชน)
CBG,CBG,SET,เกษตรและอุตสาหกรรมอาหาร,อาหารและเครื่องดื่ม,บริษัท คาราบาวกรุ๊ป จำกัด (มหาชน)
CCET,CCET,SET,เทคโนโลยี,ชิ้นส่วนอิเล็กทรอนิกส์,บริษัท แคล-คอมพ์ อีเล็คโทรนิคส์ (ประเทศไทย) จำกัด (มหาชน)
CCP,CCP,SET,อสังหาริมทรัพย์และก่อสร้าง,วัสดุก่อสร้าง,บริษัท ผลิตภัณฑ์คอนกรีตชลบุรี จำกัด (มหาชน)
CEN,CEN,SET,สินค้าอุตสาหกรรม,เหล็ก,บริษัท แคปปิทอล เอ็นจิเนียริ่ง เน็ตเวิร์ค จำกัด (มหาชน)
CENTEL,CENTEL,SET,บริการ,การท่องเที่ยวและสันทนาการ,บริษัท โรงแรมเซ็นทรัลพลาซา จำกัด (มหาชน)
CFRESH,CFRESH,SET,เกษตรและอุตสาหกรรมอาหาร,อาหารและเครื่องดื่ม,บริษัท ซีเฟรชอินดัสตรี จำกัด (มหาชน)
CGD,CGD,SET,อสังหาริมทรัพย์และก่อสร้าง,พัฒนาอสังหาริมทรัพย์,บริษัท คันทรี่ กรุ๊ป ดีเวลลอปเมนท์ จำกัด (มหาชน)
CGH,CGH,SET,ธุรกิจการเงิน,เงินทุนและหลักทรัพย์,บริษัท คันทรี่ กรุ๊ป โฮลดิ้งส์ จำกัด (มหาชน)
CHARAN,CHARAN,SET,ธุรกิจการเงิน,ประกันภัยและประกันชีวิต,บริษัท จรัญประกันภัย จำกัด (มหาชน)
CHAYO,CHAYO,MAI,ธุรกิจการเงิน,-,บริษัท ชโย กรุ๊ป จำกัด (มหาชน)
CHEWA,CHEWA,MAI,อสังหาริมทรัพย์และก่อสร้าง,-,บริษัท ชีวาทัย จำกัด (มหาชน)
CHG,CHG,SET,บริการ,การแพทย์,บริษัท โรงพยาบาลจุฬารัตน์ จำกัด (มหาชน)
CHO,CHO,MAI,สินค้าอุตสาหกรรม,-,บริษัท ช ทวี จำกัด (มหาชน)
CHOTI,CHOTI,SET,เกษตรและอุตสาหกรรมอาหาร,ธุรกิจการเกษตร,บริษัท ห้องเย็นโชติวัฒน์หาดใหญ่ จำกัด (มหาชน)
CHOW,CHOW,MAI,สินค้าอุตสาหกรรม,-,บริษัท เชาว์ สตีล อินดัสทรี้ จำกัด (มหาชน)
CHUO,CHUO,MAI,บริการ,-,บริษัท ชูโอ เซ็นโก (ประเทศไทย) จำกัด (มหาชน)
CI,CI,SET,อสังหาริมทรัพย์และก่อสร้าง,พัฒนาอสังหาริมทรัพย์,บริษัท ชาญอิสสระ ดีเวล็อปเมนท์ จำกัด (มหาชน)
CIG,CIG,MAI,สินค้าอุตสาหกรรม,-,บริษัท ซี.ไอ.กรุ๊ป จำกัด (มหาชน)
CIMBT,CIMBT,SET,ธุรกิจการเงิน,ธนาคาร,ธนาคาร ซีไอเอ็มบี ไทย จำกัด (มหาชน)
CITY,CITY,SET,สินค้าอุตสาหกรรม,เหล็ก,บริษัท ซิตี้ สตีล จำกัด (มหาชน)
CK,CK,SET,อสังหาริมทรัพย์และก่อสร้าง,บริการรับเหมาก่อสร้าง,บริษัท ช.การช่าง จำกัด (มหาชน)
CKP,CKP,SET,ทรัพยากร,พลังงานและสาธารณูปโภค,บริษัท ซีเค พาวเวอร์ จำกัด (มหาชน)
CM,CM,SET,เกษตรและอุตสาหกรรมอาหาร,อาหารและเครื่องดื่ม,บริษัท เชียงใหม่โฟรเซ่นฟู้ดส์ จำกัด(มหาชน)
CMAN,CMAN,SET,สินค้าอุตสาหกรรม,ปิโตรเคมีและเคมีภัณฑ์,บริษัท เคมีแมน จำกัด (มหาชน)
CMC,CMC,MAI,อสังหาริมทรัพย์และก่อสร้าง,-,บริษัท เจ้าพระยามหานคร จำกัด (มหาชน)
CMO,CMO,MAI,บริการ,-,บริษัท ซีเอ็มโอ จำกัด (มหาชน)
CMR,CMR,SET,บริการ,การแพทย์,บริษัท เชียงใหม่รามธุรกิจการแพทย์ จำกัด (มหาชน)
CNS,CNS,SET,ธุรกิจการเงิน,เงินทุนและหลักทรัพย์,บริษัทหลักทรัพย์ โนมูระ พัฒนสิน จำกัด (มหาชน)
CNT,CNT,SET,อสังหาริมทรัพย์และก่อสร้าง,บริการรับเหมาก่อสร้าง,บริษัท คริสเตียนีและนีลเส็น (ไทย) จำกัด (มหาชน)
COL,COL,SET,บริการ,พาณิชย์,บริษัท ซีโอแอล จำกัด (มหาชน)
COLOR,COLOR,MAI,สินค้าอุตสาหกรรม,-,บริษัท สาลี่ คัลเล่อร์ จำกัด (มหาชน)
COMAN,COMAN,MAI,เทคโนโลยี,-,บริษัท โคแมนชี่ อินเตอร์เนชั่นแนล จำกัด (มหาชน)
COTTO,COTTO,SET,อสังหาริมทรัพย์และก่อสร้าง,วัสดุก่อสร้าง,บริษัท เอสซีจี เซรามิกส์ จำกัด (มหาชน)
CPALL,CPALL,SET,บริการ,พาณิชย์,บริษัท ซีพี ออลล์ จำกัด (มหาชน)
CPF,CPF,SET,เกษตรและอุตสาหกรรมอาหาร,อาหารและเครื่องดื่ม,บริษัท เจริญโภคภัณฑ์อาหาร จำกัด (มหาชน)
CPH,CPH,SET,สินค้าอุปโภคบริโภค,แฟชั่น,บริษัท คาสเซ่อร์พีคโฮลดิ้งส์ จำกัด (มหาชน)
CPI,CPI,SET,เกษตรและอุตสาหกรรมอาหาร,อาหารและเครื่องดื่ม,บริษัท ชุมพรอุตสาหกรรมน้ำมันปาล์ม จำกัด (มหาชน)
CPL,CPL,SET,สินค้าอุปโภคบริโภค,แฟชั่น,บริษัท ซีพีแอล กรุ๊ป จำกัด (มหาชน)
CPN,CPN,SET,อสังหาริมทรัพย์และก่อสร้าง,พัฒนาอสังหาริมทรัพย์,บริษัท เซ็นทรัลพัฒนา จำกัด (มหาชน)
CPNCG,CPNCG,SET,อสังหาริมทรัพย์และก่อสร้าง,กองทุนรวมอสังหาริมทรัพย์และกองทรัสต์เพื่อการลงทุนในอสังหาริมทรัพย์,กองทุนรวมสิทธิการเช่าอสังหาริมทรัพย์ CPN คอมเมอร์เชียล โกรท
CPNREIT,CPNREIT,SET,อสังหาริมทรัพย์และก่อสร้าง,กองทุนรวมอสังหาริมทรัพย์และกองทรัสต์เพื่อการลงทุนในอสังหาริมทรัพย์,ทรัสต์เพื่อการลงทุนในสิทธิการเช่าอสังหาริมทรัพย์ CPN รีเทล โกรท
CPR,CPR,MAI,สินค้าอุตสาหกรรม,-,บริษัท ซีพีอาร์ โกมุ อินดัสเตรียล จำกัด (มหาชน)
CPT,CPT,SET,สินค้าอุตสาหกรรม,วัสดุอุตสาหกรรมและเครื่องจักร,บริษัท ซีพีที ไดร์ แอนด์ เพาเวอร์ จำกัด (มหาชน)
CPTGF,CPTGF,SET,อสังหาริมทรัพย์และก่อสร้าง,กองทุนรวมอสังหาริมทรัพย์และกองทรัสต์เพื่อการลงทุนในอสังหาริมทรัพย์,กองทุนรวมสิทธิการเช่าอสังหาริมทรัพย์ ซี.พี.ทาวเวอร์ โกรท
CPW,CPW,SET,บริการ,พาณิชย์,บริษัท คอปเปอร์ ไวร์ด จำกัด (มหาชน)
CRANE,CRANE,SET,สินค้าอุตสาหกรรม,วัสดุอุตสาหกรรมและเครื่องจักร,บริษัท ชูไก จำกัด (มหาชน)
CRD,CRD,MAI,อสังหาริมทรัพย์และก่อสร้าง,-,บริษัท เชียงใหม่ริมดอย จำกัด (มหาชน)
CSC,CSC,SET,สินค้าอุตสาหกรรม,บรรจุภัณฑ์,บริษัท ฝาจีบ จำกัด (มหาชน)
CSP,CSP,SET,สินค้าอุตสาหกรรม,เหล็ก,บริษัท ซีเอสพี สตีลเซ็นเตอร์ จำกัด (มหาชน)
CSR,CSR,SET,บริการ,การท่องเที่ยวและสันทนาการ,บริษัท เทพธานีกรีฑา จำกัด (มหาชน)
CSS,CSS,SET,บริการ,พาณิชย์,บริษัท คอมมิวนิเคชั่น แอนด์ ซิสเต็มส์ โซลูชั่น จำกัด (มหาชน)
CTW,CTW,SET,สินค้าอุตสาหกรรม,วัสดุอุตสาหกรรมและเครื่องจักร,บริษัท จรุงไทยไวร์แอนด์เคเบิ้ล จำกัด (มหาชน)
CWT,CWT,SET,สินค้าอุตสาหกรรม,ยานยนต์,บริษัท ชัยวัฒนา แทนเนอรี่ กรุ๊ป จำกัด (มหาชน)
DCC,DCC,SET,อสังหาริมทรัพย์และก่อสร้าง,วัสดุก่อสร้าง,บริษัท ไดนาสตี้เซรามิค จำกัด (มหาชน)
DCON,DCON,SET,อสังหาริมทรัพย์และก่อสร้าง,วัสดุก่อสร้าง,บริษัท ดีคอนโปรดักส์ จำกัด (มหาชน)
DCORP,DCORP,MAI,บริการ,-,บริษัท ดีมีเตอร์ คอร์ปอเรชั่น จำกัด (มหาชน)
DDD,DDD,SET,สินค้าอุปโภคบริโภค,ของใช้ส่วนตัวและเวชภัณฑ์,บริษัท ดู เดย์ ดรีม จำกัด (มหาชน)
DELTA,DELTA,SET,เทคโนโลยี,ชิ้นส่วนอิเล็กทรอนิกส์,บริษัทเดลต้า อีเลคโทรนิคส์ (ประเทศไทย) จำกัด (มหาชน)
DEMCO,DEMCO,SET,ทรัพยากร,พลังงานและสาธารณูปโภค,บริษัท เด็มโก้ จำกัด (มหาชน)
DIF,DIF,SET,เทคโนโลยี,เทคโนโลยีสารสนเทศและการสื่อสาร,กองทุนรวมโครงสร้างพื้นฐานโทรคมนาคม ดิจิทัล
DIMET,DIMET,MAI,อสังหาริมทรัพย์และก่อสร้าง,-,บริษัท ไดเมท (สยาม) จำกัด (มหาชน)
DOD,DOD,MAI,สินค้าอุปโภคบริโภค,-,บริษัท ดีโอดี ไบโอเทค จำกัด (มหาชน)
DOHOME,DOHOME,SET,บริการ,พาณิชย์,บริษัท ดูโฮม จำกัด (มหาชน)
DREIT,DREIT,SET,อสังหาริมทรัพย์และก่อสร้าง,กองทุนรวมอสังหาริมทรัพย์และกองทรัสต์เพื่อการลงทุนในอสังหาริมทรัพย์,ทรัสต์เพื่อการลงทุนในอสังหาริมทรัพย์และสิทธิการเช่าดุสิตธานี
DRT,DRT,SET,อสังหาริมทรัพย์และก่อสร้าง,วัสดุก่อสร้าง,บริษัท ผลิตภัณฑ์ตราเพชร จำกัด (มหาชน)
DTCI,DTCI,SET,สินค้าอุปโภคบริโภค,ของใช้ในครัวเรือนและสำนักงาน,บริษัท ดี.ที.ซี.อินดัสตรี่ส์ จำกัด (มหาชน)
EA,EA,SET,ทรัพยากร,พลังงานและสาธารณูปโภค,บริษัท พลังงานบริสุทธิ์ จำกัด (มหาชน)
EASON,EASON,SET,สินค้าอุตสาหกรรม,ยานยนต์,บริษัท อีซึ่น เพ้นท์ จำกัด (มหาชน)
EASTW,EASTW,SET,ทรัพยากร,พลังงานและสาธารณูปโภค,บริษัท จัดการและพัฒนาทรัพยากรน้ำภาคตะวันออก จำกัด (มหาชน)
ECF,ECF,MAI,สินค้าอุปโภคบริโภค,-,บริษัท อีสต์โคสท์เฟอร์นิเทค จำกัด (มหาชน)
ECL,ECL,SET,ธุรกิจการเงิน,เงินทุนและหลักทรัพย์,บริษัท ตะวันออกพาณิชย์ลีสซิ่ง จำกัด (มหาชน)
EE,EE,SET,เกษตรและอุตสาหกรรมอาหาร,ธุรกิจการเกษตร,บริษัท อีเทอเนิล เอนเนอยี จำกัด (มหาชน)
EGATIF,EGATIF,SET,ทรัพยากร,พลังงานและสาธารณูปโภค,กองทุนรวมโครงสร้างพื้นฐาน โรงไฟฟ้าพระนครเหนือ ชุดที่ 1 การไฟฟ้าฝ่ายผลิตแห่งประเทศไทย
EGCO,EGCO,SET,ทรัพยากร,พลังงานและสาธารณูปโภค,บริษัท ผลิตไฟฟ้า จำกัด (มหาชน)
EIC,EIC,SET,เทคโนโลยี,ชิ้นส่วนอิเล็กทรอนิกส์,บริษัท อุตสาหกรรม อีเล็คโทรนิคส์ จำกัด (มหาชน)
EKH,EKH,SET,บริการ,การแพทย์,บริษัท เอกชัยการแพทย์ จำกัด (มหาชน)
EMC,EMC,SET,อสังหาริมทรัพย์และก่อสร้าง,บริการรับเหมาก่อสร้าง,บริษัท อีเอ็มซี จำกัด (มหาชน)
EPCO,EPCO,SET,บริการ,สื่อและสิ่งพิมพ์,บริษัท โรงพิมพ์ตะวันออก จำกัด (มหาชน)
EPG,EPG,SET,อสังหาริมทรัพย์และก่อสร้าง,วัสดุก่อสร้าง,บริษัท อีสเทิร์นโพลีเมอร์ กรุ๊ป จำกัด (มหาชน)
ERW,ERW,SET,บริการ,การท่องเที่ยวและสันทนาการ,บริษัท ดิ เอราวัณ กรุ๊ป จำกัด (มหาชน)
ERWPF,ERWPF,SET,อสังหาริมทรัพย์และก่อสร้าง,กองทุนรวมอสังหาริมทรัพย์และกองทรัสต์เพื่อการลงทุนในอสังหาริมทรัพย์,กองทุนรวมอสังหาริมทรัพย์เอราวัณ โฮเทล โกรท
ESSO,ESSO,SET,ทรัพยากร,พลังงานและสาธารณูปโภค,บริษัท เอสโซ่ (ประเทศไทย) จำกัด (มหาชน)
ESTAR,ESTAR,SET,อสังหาริมทรัพย์และก่อสร้าง,พัฒนาอสังหาริมทรัพย์,บริษัท อีสเทอร์น สตาร์ เรียล เอสเตท จำกัด (มหาชน)
ETE,ETE,MAI,บริการ,-,บริษัท บูรพา เทคนิคอล เอ็นจิเนียริ่ง จำกัด (มหาชน)
EVER,EVER,SET,อสังหาริมทรัพย์และก่อสร้าง,พัฒนาอสังหาริมทรัพย์,บริษัท เอเวอร์แลนด์ จำกัด (มหาชน)
FANCY,FANCY,SET,สินค้าอุปโภคบริโภค,ของใช้ในครัวเรือนและสำนักงาน,บริษัท แฟนซีวู๊ด อินดัสตรีส จำกัด (มหาชน)
FE,FE,SET,บริการ,สื่อและสิ่งพิมพ์,บริษัท ฟาร์อีสท์ เฟมไลน์ ดีดีบี จำกัด (มหาชน)
FLOYD,FLOYD,MAI,อสังหาริมทรัพย์และก่อสร้าง,-,บริษัท ฟลอยด์ จำกัด (มหาชน)
FMT,FMT,SET,สินค้าอุตสาหกรรม,วัสดุอุตสาหกรรมและเครื่องจักร,บริษัท ฟูรูกาวา เม็ททัล (ไทยแลนด์) จำกัด (มหาชน)
FN,FN,SET,บริการ,พาณิชย์,บริษัท เอฟเอ็น แฟคตอรี่ เอ๊าท์เลท จำกัด (มหาชน)
FNS,FNS,SET,ธุรกิจการเงิน,เงินทุนและหลักทรัพย์,บริษัท ฟินันซ่า จำกัด (มหาชน)
FORTH,FORTH,SET,เทคโนโลยี,เทคโนโลยีสารสนเทศและการสื่อสาร,บริษัท ฟอร์ท คอร์ปอเรชั่น  จำกัด (มหาชน)
FPI,FPI,MAI,สินค้าอุตสาหกรรม,-,บริษัท ฟอร์จูน พาร์ท อินดัสตรี้ จำกัด (มหาชน)
FPT,FPT,SET,อสังหาริมทรัพย์และก่อสร้าง,พัฒนาอสังหาริมทรัพย์,บริษัท เฟรเซอร์ส พร็อพเพอร์ตี้ (ประเทศไทย) จำกัด (มหาชน)
FSMART,FSMART,MAI,บริการ,-,บริษัท ฟอร์ท สมาร์ท เซอร์วิส จำกัด (มหาชน)
FSS,FSS,SET,ธุรกิจการเงิน,เงินทุนและหลักทรัพย์,บริษัทหลักทรัพย์ ฟินันเซีย ไซรัส จำกัด (มหาชน)
FTE,FTE,SET,บริการ,พาณิชย์,บริษัท ไฟร์เทรดเอ็นจิเนียริ่ง จำกัด (มหาชน)
FTREIT,FTREIT,SET,อสังหาริมทรัพย์และก่อสร้าง,กองทุนรวมอสังหาริมทรัพย์และกองทรัสต์เพื่อการลงทุนในอสังหาริมทรัพย์,ทรัสต์เพื่อการลงทุนในอสังหาริมทรัพย์และสิทธิการเช่าอสังหาริมทรัพย์เพื่ออุตสาหกรรม เฟรเซอร์ส พร็อพเพอร์ตี้
FUTUREPF,FUTUREPF,SET,อสังหาริมทรัพย์และก่อสร้าง,กองทุนรวมอสังหาริมทรัพย์และกองทรัสต์เพื่อการลงทุนในอสังหาริมทรัพย์,กองทุนรวมสิทธิการเช่าอสังหาริมทรัพย์ฟิวเจอร์พาร์ค
FVC,FVC,MAI,บริการ,-,บริษัท ฟิลเตอร์ วิชั่น จำกัด (มหาชน)
GAHREIT,GAHREIT,SET,อสังหาริมทรัพย์และก่อสร้าง,กองทุนรวมอสังหาริมทรัพย์และกองทรัสต์เพื่อการลงทุนในอสังหาริมทรัพย์,ทรัสต์เพื่อการลงทุนในอสังหาริมทรัพย์ แกรนด์ โฮสพีทาลิตี้
GBX,GBX,SET,ธุรกิจการเงิน,เงินทุนและหลักทรัพย์,บริษัท โกลเบล็ก โฮลดิ้ง แมนเนจเม้นท์ จำกัด (มหาชน)
GC,GC,SET,สินค้าอุตสาหกรรม,ปิโตรเคมีและเคมีภัณฑ์,บริษัท โกลบอล คอนเน็คชั่นส์ จำกัด (มหาชน)
GCAP,GCAP,MAI,ธุรกิจการเงิน,-,บริษัท จี แคปปิตอล จำกัด (มหาชน)
GEL,GEL,SET,อสังหาริมทรัพย์และก่อสร้าง,วัสดุก่อสร้าง,บริษัท เจนเนอรัล เอนจิเนียริ่ง จำกัด (มหาชน)
GENCO,GENCO,SET,บริการ,บริการเฉพาะกิจ,บริษัทบริหารและพัฒนาเพื่อการอนุรักษ์สิ่งแวดล้อม จำกัด(มหาชน)
GFPT,GFPT,SET,เกษตรและอุตสาหกรรมอาหาร,ธุรกิจการเกษตร,บริษัท จีเอฟพีที จำกัด (มหาชน)
GGC,GGC,SET,สินค้าอุตสาหกรรม,ปิโตรเคมีและเคมีภัณฑ์,บริษัท โกลบอลกรีนเคมิคอล จำกัด (มหาชน)
GIFT,GIFT,SET,สินค้าอุตสาหกรรม,ปิโตรเคมีและเคมีภัณฑ์,บริษัท แกรททิทูด อินฟินิท จำกัด (มหาชน)
GJS,GJS,SET,สินค้าอุตสาหกรรม,เหล็ก,บริษัท จี เจ สตีล จำกัด (มหาชน)
GL,GL,SET,ธุรกิจการเงิน,เงินทุนและหลักทรัพย์,บริษัท กรุ๊ปลีส จำกัด (มหาชน)
GLAND,GLAND,SET,อสังหาริมทรัพย์และก่อสร้าง,พัฒนาอสังหาริมทรัพย์,บริษัท แกรนด์ คาแนล แลนด์ จำกัด (มหาชน)
GLOBAL,GLOBAL,SET,บริการ,พาณิชย์,บริษัท สยามโกลบอลเฮ้าส์ จำกัด (มหาชน)
GLOCON,GLOCON,SET,สินค้าอุตสาหกรรม,บรรจุภัณฑ์,บริษัท โกลบอล คอนซูเมอร์ จำกัด (มหาชน)
GPI,GPI,SET,บริการ,สื่อและสิ่งพิมพ์,บริษัท กรังด์ปรีซ์ อินเตอร์เนชั่นแนล จำกัด (มหาชน)
GRAMMY,GRAMMY,SET,บริการ,สื่อและสิ่งพิมพ์,บริษัท จีเอ็มเอ็ม แกรมมี่ จำกัด (มหาชน)
GRAND,GRAND,SET,บริการ,การท่องเที่ยวและสันทนาการ,บริษัท แกรนด์ แอสเสท โฮเทลส์ แอนด์ พรอพเพอร์ตี้ จำกัด(มหาชน)
GREEN,GREEN,SET,อสังหาริมทรัพย์และก่อสร้าง,พัฒนาอสังหาริมทรัพย์,บริษัท กรีน รีซอร์สเซส จำกัด (มหาชน)
GSC,GSC,MAI,บริการ,-,บริษัท โกลบอล เซอร์วิส เซ็นเตอร์ จำกัด (มหาชน)
GSTEEL,GSTEEL,SET,สินค้าอุตสาหกรรม,เหล็ก,บริษัท จี สตีล จำกัด (มหาชน)
GTB,GTB,MAI,สินค้าอุตสาหกรรม,-,บริษัท เจตาแบค จำกัด (มหาชน)
GULF,GULF,SET,ทรัพยากร,พลังงานและสาธารณูปโภค,บริษัท กัลฟ์ เอ็นเนอร์จี ดีเวลลอปเมนท์ จำกัด (มหาชน)
GUNKUL,GUNKUL,SET,ทรัพยากร,พลังงานและสาธารณูปโภค,บริษัท กันกุลเอ็นจิเนียริ่ง จำกัด (มหาชน)
GVREIT,GVREIT,SET,อสังหาริมทรัพย์และก่อสร้าง,กองทุนรวมอสังหาริมทรัพย์และกองทรัสต์เพื่อการลงทุนในอสังหาริมทรัพย์,ทรัสต์เพื่อการลงทุนในสิทธิการเช่าอสังหาริมทรัพย์โกลเด้นเวนเจอร์
GYT,GYT,SET,สินค้าอุตสาหกรรม,ยานยนต์,บริษัท กู๊ดเยียร์(ประเทศไทย) จำกัด (มหาชน)
HANA,HANA,SET,เทคโนโลยี,ชิ้นส่วนอิเล็กทรอนิกส์,บริษัท ฮานา ไมโครอิเล็คโทรนิคส จำกัด (มหาชน)
HARN,HARN,MAI,บริการ,-,บริษัท หาญ เอ็นจิเนียริ่ง โซลูชั่นส์ จำกัด (มหาชน)
HFT,HFT,SET,สินค้าอุตสาหกรรม,ยานยนต์,บริษัท ฮั้วฟง รับเบอร์ (ไทยแลนด์) จำกัด (มหาชน)
HMPRO,HMPRO,SET,บริการ,พาณิชย์,บริษัท โฮม โปรดักส์ เซ็นเตอร์ จำกัด (มหาชน)
HPF,HPF,SET,อสังหาริมทรัพย์และก่อสร้าง,กองทุนรวมอสังหาริมทรัพย์และกองทรัสต์เพื่อการลงทุนในอสังหาริมทรัพย์,กองทุนรวมอสังหาริมทรัพย์และสิทธิการเช่าเหมราชอินดัสเตรียล
HPT,HPT,MAI,สินค้าอุปโภคบริโภค,-,บริษัท โฮม พอตเทอรี่ จำกัด (มหาชน)
HREIT,HREIT,SET,อสังหาริมทรัพย์และก่อสร้าง,กองทุนรวมอสังหาริมทรัพย์และกองทรัสต์เพื่อการลงทุนในอสังหาริมทรัพย์,ทรัสต์เพื่อการลงทุนในสิทธิการเช่าอสังหาริมทรัพย์เหมราช
HTC,HTC,SET,เกษตรและอุตสาหกรรมอาหาร,อาหารและเครื่องดื่ม,บริษัท หาดทิพย์ จำกัด (มหาชน)
HTECH,HTECH,SET,สินค้าอุตสาหกรรม,วัสดุอุตสาหกรรมและเครื่องจักร,บริษัท แฮลเซี่ยน เทคโนโลยี่ จำกัด (มหาชน)
HUMAN,HUMAN,SET,เทคโนโลยี,เทคโนโลยีสารสนเทศและการสื่อสาร,บริษัท ฮิวแมนิก้า จำกัด (มหาชน)
HYDRO,HYDRO,MAI,อสังหาริมทรัพย์และก่อสร้าง,-,บริษัท ไฮโดรเท็ค จำกัด (มหาชน)
ICC,ICC,SET,สินค้าอุปโภคบริโภค,แฟชั่น,บริษัท ไอ.ซี.ซี. อินเตอร์เนชั่นแนล จำกัด (มหาชน)
ICHI,ICHI,SET,เกษตรและอุตสาหกรรมอาหาร,อาหารและเครื่องดื่ม,บริษัท อิชิตัน กรุ๊ป จำกัด (มหาชน)
ICN,ICN,MAI,เทคโนโลยี,-,บริษัท อินฟอร์เมชั่น แอนด์ คอมมิวนิเคชั่น เน็ทเวิร์คส จำกัด (มหาชน)
IFEC,IFEC,SET,ทรัพยากร,พลังงานและสาธารณูปโภค,บริษัท อินเตอร์ ฟาร์อีสท์ เอ็นเนอร์ยี่ คอร์ปอเรชั่น จำกัด (มหาชน)
IFS,IFS,SET,ธุรกิจการเงิน,เงินทุนและหลักทรัพย์,บริษัท ไอเอฟเอส แคปปิตอล (ประเทศไทย) จำกัด (มหาชน)
IHL,IHL,SET,สินค้าอุตสาหกรรม,ยานยนต์,บริษัท อินเตอร์ไฮด์ จำกัด (มหาชน)
III,III,SET,บริการ,ขนส่งและโลจิสติกส์,บริษัท ทริพเพิล ไอ โลจิสติกส์ จำกัด (มหาชน)
ILINK,ILINK,SET,เทคโนโลยี,เทคโนโลยีสารสนเทศและการสื่อสาร,บริษัท อินเตอร์ลิ้งค์ คอมมิวนิเคชั่น จำกัด (มหาชน)
ILM,ILM,SET,บริการ,พาณิชย์,บริษัท อินเด็กซ์ ลิฟวิ่งมอลล์ จำกัด (มหาชน)
IMH,IMH,MAI,บริการ,-,บริษัท โรงพยาบาลอินเตอร์เมดิคัล แคร์ แอนด์ แล็บ จำกัด (มหาชน)
IMPACT,IMPACT,SET,อสังหาริมทรัพย์และก่อสร้าง,กองทุนรวมอสังหาริมทรัพย์และกองทรัสต์เพื่อการลงทุนในอสังหาริมทรัพย์,ทรัสต์เพื่อการลงทุนในอสังหาริมทรัพย์อิมแพ็คโกรท
INET,INET,SET,เทคโนโลยี,เทคโนโลยีสารสนเทศและการสื่อสาร,บริษัท อินเทอร์เน็ตประเทศไทย จำกัด (มหาชน)
INGRS,INGRS,SET,สินค้าอุตสาหกรรม,ยานยนต์,บริษัท อิงเกรส อินดัสเตรียล (ไทยแลนด์) จำกัด (มหาชน)
INOX,INOX,SET,สินค้าอุตสาหกรรม,เหล็ก,บริษัท โพสโค-ไทยน๊อคซ์ จำกัด (มหาชน)
INSET,INSET,MAI,เทคโนโลยี,-,บริษัท อินฟราเซท จำกัด (มหาชน)
INSURE,INSURE,SET,ธุรกิจการเงิน,ประกันภัยและประกันชีวิต,บริษัท อินทรประกันภัย จำกัด (มหาชน)
INTUCH,INTUCH,SET,เทคโนโลยี,เทคโนโลยีสารสนเทศและการสื่อสาร,บริษัท อินทัช โฮลดิ้งส์ จำกัด (มหาชน)
IP,IP,MAI,สินค้าอุปโภคบริโภค,-,บริษัท อินเตอร์ ฟาร์มา จำกัด (มหาชน)
IRC,IRC,SET,สินค้าอุตสาหกรรม,ยานยนต์,บริษัท อีโนเว รับเบอร์ (ประเทศไทย) จำกัด (มหาชน)
IRCP,IRCP,MAI,เทคโนโลยี,-,บริษัท อินเตอร์เนชั่นแนล รีเสริช คอร์ปอเรชั่น จำกัด (มหาชน)
IRPC,IRPC,SET,ทรัพยากร,พลังงานและสาธารณูปโภค,บริษัท ไออาร์พีซี จำกัด (มหาชน)
IT,IT,SET,บริการ,พาณิชย์,บริษัท ไอที ซิตี้ จำกัด (มหาชน)
ITD,ITD,SET,อสังหาริมทรัพย์และก่อสร้าง,บริการรับเหมาก่อสร้าง,บริษัท อิตาเลียนไทย ดีเวล๊อปเมนต์ จำกัด (มหาชน)
ITEL,ITEL,MAI,เทคโนโลยี,-,บริษัท อินเตอร์ลิ้งค์ เทเลคอม จำกัด (มหาชน)
IVL,IVL,SET,สินค้าอุตสาหกรรม,ปิโตรเคมีและเคมีภัณฑ์,บริษัท อินโดรามา เวนเจอร์ส จำกัด (มหาชน)
J,J,SET,อสังหาริมทรัพย์และก่อสร้าง,พัฒนาอสังหาริมทรัพย์,บริษัท เจเอเอส แอสเซ็ท จำกัด (มหาชน)
JAS,JAS,SET,เทคโนโลยี,เทคโนโลยีสารสนเทศและการสื่อสาร,บริษัทจัสมิน อินเตอร์เนชั่นแนล จำกัด (มหาชน)
JASIF,JASIF,SET,เทคโนโลยี,เทคโนโลยีสารสนเทศและการสื่อสาร,กองทุนรวมโครงสร้างพื้นฐานบรอดแบนด์อินเทอร์เน็ต จัสมิน
JCK,JCK,SET,อสังหาริมทรัพย์และก่อสร้าง,พัฒนาอสังหาริมทรัพย์,บริษัท เจซีเค อินเตอร์เนชั่นแนล จำกัด (มหาชน)
JCT,JCT,SET,สินค้าอุปโภคบริโภค,ของใช้ส่วนตัวและเวชภัณฑ์,บริษัท แจ๊กเจียอุตสาหกรรม (ไทย) จำกัด (มหาชน)
JKN,JKN,MAI,บริการ,-,บริษัท เจเคเอ็น โกลบอล มีเดีย จำกัด (มหาชน)
JMART,JMART,SET,เทคโนโลยี,เทคโนโลยีสารสนเทศและการสื่อสาร,บริษัท เจ มาร์ท จำกัด (มหาชน)
JMT,JMT,SET,ธุรกิจการเงิน,เงินทุนและหลักทรัพย์,บริษัท เจ เอ็ม ที เน็ทเวอร์ค เซอร์วิสเซ็ส จำกัด (มหาชน)
JSP,JSP,MAI,อสังหาริมทรัพย์และก่อสร้าง,-,บริษัท เจ. เอส. พี. พร็อพเพอร์ตี้ จำกัด (มหาชน)
JTS,JTS,SET,เทคโนโลยี,เทคโนโลยีสารสนเทศและการสื่อสาร,บริษัท จัสมิน เทเลคอม ซิสเต็มส์ จำกัด (มหาชน)
JUBILE,JUBILE,MAI,สินค้าอุปโภคบริโภค,-,บริษัท ยูบิลลี่ เอ็นเตอร์ไพรส์ จำกัด (มหาชน)
JUTHA,JUTHA,SET,บริการ,ขนส่งและโลจิสติกส์,บริษัท จุฑานาวี จำกัด (มหาชน)
JWD,JWD,SET,บริการ,ขนส่งและโลจิสติกส์,บริษัท เจดับเบิ้ลยูดี อินโฟโลจิสติกส์ จำกัด (มหาชน)
KAMART,KAMART,SET,บริการ,พาณิชย์,บริษัท คาร์มาร์ท จำกัด (มหาชน)
KASET,KASET,MAI,เกษตรและอุตสาหกรรมอาหาร,-,บริษัท ไทยฮา จำกัด (มหาชน)
KBANK,KBANK,SET,ธุรกิจการเงิน,ธนาคาร,ธนาคารกสิกรไทย จำกัด (มหาชน)
KBS,KBS,SET,เกษตรและอุตสาหกรรมอาหาร,อาหารและเครื่องดื่ม,บริษัท น้ำตาลครบุรี จำกัด (มหาชน)
KCAR,KCAR,SET,ธุรกิจการเงิน,เงินทุนและหลักทรัพย์,บริษัท กรุงไทยคาร์เร้นท์ แอนด์ ลีส จำกัด (มหาชน)
KCE,KCE,SET,เทคโนโลยี,ชิ้นส่วนอิเล็กทรอนิกส์,บริษัท เคซีอี อีเลคโทรนิคส์ จำกัด (มหาชน)
KCM,KCM,MAI,สินค้าอุตสาหกรรม,-,บริษัท เค.ซี.เมททอลชีท จำกัด (มหาชน)
KDH,KDH,SET,บริการ,การแพทย์,บริษัท ธนบุรี เมดิเคิล เซ็นเตอร์ จำกัด (มหาชน)
KGI,KGI,SET,ธุรกิจการเงิน,เงินทุนและหลักทรัพย์,บริษัทหลักทรัพย์ เคจีไอ (ประเทศไทย) จำกัด (มหาชน)
KIAT,KIAT,MAI,บริการ,-,บริษัท เกียรติธนา ขนส่ง จำกัด (มหาชน)
KKC,KKC,SET,สินค้าอุตสาหกรรม,วัสดุอุตสาหกรรมและเครื่องจักร,บริษัท กุลธรเคอร์บี้ จำกัด (มหาชน)
KKP,KKP,SET,ธุรกิจการเงิน,ธนาคาร,ธนาคารเกียรตินาคิน จำกัด (มหาชน)
KOOL,KOOL,MAI,บริการ,-,บริษัท มาสเตอร์คูล อินเตอร์เนชั่นแนล จำกัด (มหาชน)
KSL,KSL,SET,เกษตรและอุตสาหกรรมอาหาร,อาหารและเครื่องดื่ม,บริษัท น้ำตาลขอนแก่น จำกัด (มหาชน)
KTB,KTB,SET,ธุรกิจการเงิน,ธนาคาร,ธนาคารกรุงไทย จำกัด (มหาชน)
KTC,KTC,SET,ธุรกิจการเงิน,เงินทุนและหลักทรัพย์,บริษัท บัตรกรุงไทย จำกัด (มหาชน)
KTECH,KTECH,SET,-,หมวดบริษัทจดทะเบียนที่อยู่ระหว่างฟื้นฟูการดำเนินงาน,บริษัท เคเทค คอนสตรัคชั่น จำกัด (มหาชน)
KUMWEL,KUMWEL,MAI,สินค้าอุตสาหกรรม,-,บริษัท คัมเวล คอร์ปอเรชั่น จำกัด (มหาชน)
KUN,KUN,MAI,อสังหาริมทรัพย์และก่อสร้าง,-,บริษัท วิลล่า คุณาลัย จำกัด (มหาชน)
KWC,KWC,SET,บริการ,ขนส่งและโลจิสติกส์,บริษัท กรุงเทพโสภณ จำกัด (มหาชน)
KWG,KWG,SET,อสังหาริมทรัพย์และก่อสร้าง,พัฒนาอสังหาริมทรัพย์,บริษัท คิง ไว กรุ๊ป (ประเทศไทย) จำกัด (มหาชน)
KWM,KWM,MAI,สินค้าอุตสาหกรรม,-,บริษัท เค. ดับบลิว. เม็ททัล เวิร์ค จำกัด (มหาชน)
KYE,KYE,SET,สินค้าอุปโภคบริโภค,ของใช้ในครัวเรือนและสำนักงาน,บริษัท กันยงอีเลคทริก จำกัด (มหาชน)
L&E,L&E,SET,สินค้าอุปโภคบริโภค,ของใช้ในครัวเรือนและสำนักงาน,บริษัท ไลท์ติ้ง แอนด์ อีควิปเมนท์ จำกัด (มหาชน)
LALIN,LALIN,SET,อสังหาริมทรัพย์และก่อสร้าง,พัฒนาอสังหาริมทรัพย์,บริษัท ลลิล พร็อพเพอร์ตี้ จำกัด (มหาชน)
LANNA,LANNA,SET,ทรัพยากร,พลังงานและสาธารณูปโภค,บริษัท ลานนารีซอร์สเซส จำกัด (มหาชน)
LDC,LDC,MAI,บริการ,-,บริษัท แอลดีซี เด็นทัล จำกัด (มหาชน)
LEE,LEE,SET,เกษตรและอุตสาหกรรมอาหาร,ธุรกิจการเกษตร,บริษัท ลีพัฒนาผลิตภัณฑ์ จำกัด (มหาชน)
LH,LH,SET,อสังหาริมทรัพย์และก่อสร้าง,พัฒนาอสังหาริมทรัพย์,บริษัทแลนด์แอนด์เฮ้าส์ จำกัด (มหาชน)
LHFG,LHFG,SET,ธุรกิจการเงิน,ธนาคาร,บริษัท แอล เอช ไฟแนนซ์เชียล กรุ๊ป จำกัด (มหาชน)
LHHOTEL,LHHOTEL,SET,อสังหาริมทรัพย์และก่อสร้าง,กองทุนรวมอสังหาริมทรัพย์และกองทรัสต์เพื่อการลงทุนในอสังหาริมทรัพย์,ทรัสต์เพื่อการลงทุนในสิทธิการเช่าอสังหาริมทรัพย์ แอล เอช โฮเทล
LHK,LHK,SET,สินค้าอุตสาหกรรม,เหล็ก,บริษัท โลหะกิจ เม็ททอล จำกัด (มหาชน)
LHSC,LHSC,SET,อสังหาริมทรัพย์และก่อสร้าง,กองทุนรวมอสังหาริมทรัพย์และกองทรัสต์เพื่อการลงทุนในอสังหาริมทรัพย์,ทรัสต์เพื่อการลงทุนในสิทธิการเช่าอสังหาริมทรัพย์ แอล เอช ช้อปปิ้ง เซ็นเตอร์
LIT,LIT,MAI,ธุรกิจการเงิน,-,บริษัท ลีซ อิท จำกัด (มหาชน)
LOXLEY,LOXLEY,SET,บริการ,พาณิชย์,บริษัท ล็อกซเล่ย์ จำกัด (มหาชน)
LPH,LPH,SET,บริการ,การแพทย์,บริษัท โรงพยาบาล ลาดพร้าว จำกัด (มหาชน)
LPN,LPN,SET,อสังหาริมทรัพย์และก่อสร้าง,พัฒนาอสังหาริมทรัพย์,บริษัท แอล.พี.เอ็น.ดีเวลลอปเมนท์ จำกัด (มหาชน)
LRH,LRH,SET,บริการ,การท่องเที่ยวและสันทนาการ,บริษัท ลากูน่า รีสอร์ท แอนด์ โฮเท็ล จำกัด (มหาชน)
LST,LST,SET,เกษตรและอุตสาหกรรมอาหาร,อาหารและเครื่องดื่ม,บริษัท ล่ำสูง (ประเทศไทย) จำกัด (มหาชน)
LUXF,LUXF,SET,อสังหาริมทรัพย์และก่อสร้าง,กองทุนรวมอสังหาริมทรัพย์และกองทรัสต์เพื่อการลงทุนในอสังหาริมทรัพย์,กองทุนรวมอสังหาริมทรัพย์ลักซ์ชัวรี่
M,M,SET,เกษตรและอุตสาหกรรมอาหาร,อาหารและเครื่องดื่ม,บริษัท เอ็มเค เรสโตรองต์ กรุ๊ป จำกัด (มหาชน)
MACO,MACO,SET,บริการ,สื่อและสิ่งพิมพ์,บริษัท มาสเตอร์ แอด จำกัด (มหาชน)
MAJOR,MAJOR,SET,บริการ,สื่อและสิ่งพิมพ์,บริษัท เมเจอร์ ซีนีเพล็กซ์ กรุ้ป จำกัด (มหาชน)
MAKRO,MAKRO,SET,บริการ,พาณิชย์,บริษัท สยามแม็คโคร จำกัด (มหาชน)
MALEE,MALEE,SET,เกษตรและอุตสาหกรรมอาหาร,อาหารและเครื่องดื่ม,บริษัท มาลีกรุ๊ป จำกัด (มหาชน)
MANRIN,MANRIN,SET,บริการ,การท่องเที่ยวและสันทนาการ,บริษัท แมนดารินโฮเต็ล จำกัด (มหาชน)
MATCH,MATCH,SET,บริการ,สื่อและสิ่งพิมพ์,บริษัท แม็ทชิ่ง แม็กซิไมซ์ โซลูชั่น จำกัด (มหาชน)
MATI,MATI,SET,บริการ,สื่อและสิ่งพิมพ์,บริษัท มติชน จำกัด (มหาชน)
MAX,MAX,SET,สินค้าอุตสาหกรรม,เหล็ก,บริษัท แมกซ์ เมทัล คอร์ปอเรชั่น จำกัด (มหาชน)
MBAX,MBAX,MAI,สินค้าอุตสาหกรรม,-,บริษัท มัลติแบกซ์ จำกัด (มหาชน)
MBK,MBK,SET,อสังหาริมทรัพย์และก่อสร้าง,พัฒนาอสังหาริมทรัพย์,บริษัท เอ็ม บี เค จำกัด (มหาชน)
MBKET,MBKET,SET,ธุรกิจการเงิน,เงินทุนและหลักทรัพย์,บริษัทหลักทรัพย์ เมย์แบงก์ กิมเอ็ง (ประเทศไทย) จำกัด (มหาชน)
MC,MC,SET,บริการ,พาณิชย์,บริษัท แม็คกรุ๊ป จำกัด (มหาชน)
M-CHAI,M-CHAI,SET,บริการ,การแพทย์,บริษัท โรงพยาบาลมหาชัย จำกัด (มหาชน)
MCOT,MCOT,SET,บริการ,สื่อและสิ่งพิมพ์,บริษัท อสมท จำกัด (มหาชน)
MCS,MCS,SET,สินค้าอุตสาหกรรม,เหล็ก,บริษัท เอ็ม.ซี.เอส.สตีล จำกัด (มหาชน)
MDX,MDX,SET,ทรัพยากร,พลังงานและสาธารณูปโภค,บริษัท เอ็ม ดี เอ็กซ์ จำกัด (มหาชน)
MEGA,MEGA,SET,บริการ,พาณิชย์,บริษัท เมก้า ไลฟ์ไซแอ็นซ์ จำกัด (มหาชน)
META,META,MAI,อสังหาริมทรัพย์และก่อสร้าง,-,บริษัท เมตะ คอร์ปอเรชั่น จำกัด (มหาชน)
METCO,METCO,SET,เทคโนโลยี,ชิ้นส่วนอิเล็กทรอนิกส์,บริษัทมูราโมโต้ อีเล็คตรอน (ประเทศไทย) จำกัด (มหาชน)
MFC,MFC,SET,ธุรกิจการเงิน,เงินทุนและหลักทรัพย์,บริษัทหลักทรัพย์จัดการกองทุน เอ็มเอฟซี จำกัด(มหาชน)
MFEC,MFEC,SET,เทคโนโลยี,เทคโนโลยีสารสนเทศและการสื่อสาร,บริษัท เอ็ม เอฟ อี ซี จำกัด (มหาชน)
MGT,MGT,MAI,สินค้าอุตสาหกรรม,-,บริษัท เมกาเคม (ประเทศไทย) จำกัด (มหาชน)
MIDA,MIDA,SET,บริการ,พาณิชย์,บริษัท ไมด้า แอสเซ็ท จำกัด (มหาชน)
M-II,M-II,SET,อสังหาริมทรัพย์และก่อสร้าง,กองทุนรวมอสังหาริมทรัพย์และกองทรัสต์เพื่อการลงทุนในอสังหาริมทรัพย์,กองทุนรวมอสังหาริมทรัพย์ และสิทธิการเช่า เอ็มเอฟซี อินดัสเตรียล อินเวสเมนท์
MILL,MILL,SET,สินค้าอุตสาหกรรม,เหล็ก,บริษัท มิลล์คอน สตีล จำกัด (มหาชน)
MINT,MINT,SET,เกษตรและอุตสาหกรรมอาหาร,อาหารและเครื่องดื่ม,บริษัท ไมเนอร์ อินเตอร์เนชั่นแนล จำกัด (มหาชน)
MIT,MIT,SET,อสังหาริมทรัพย์และก่อสร้าง,กองทุนรวมอสังหาริมทรัพย์และกองทรัสต์เพื่อการลงทุนในอสังหาริมทรัพย์,ทรัสต์เพื่อการลงทุนในอสังหาริมทรัพย์เอ็มเอฟซีอินดัสเตรียล
MJD,MJD,SET,อสังหาริมทรัพย์และก่อสร้าง,พัฒนาอสังหาริมทรัพย์,บริษัท เมเจอร์ ดีเวลลอปเม้นท์ จำกัด (มหาชน)
MK,MK,SET,อสังหาริมทรัพย์และก่อสร้าง,พัฒนาอสังหาริมทรัพย์,บริษัท มั่นคงเคหะการ จำกัด (มหาชน)
ML,ML,SET,ธุรกิจการเงิน,เงินทุนและหลักทรัพย์,บริษัท ไมด้า ลิสซิ่ง จำกัด (มหาชน)
MM,MM,MAI,เกษตรและอุตสาหกรรมอาหาร,-,บริษัท มัดแมน จำกัด (มหาชน)
MNIT2,MNIT2,SET,อสังหาริมทรัพย์และก่อสร้าง,กองทุนรวมอสังหาริมทรัพย์และกองทรัสต์เพื่อการลงทุนในอสังหาริมทรัพย์,กองทุนรวมอสังหาริมทรัพย์นิชดาธานี 2
MNRF,MNRF,SET,อสังหาริมทรัพย์และก่อสร้าง,กองทุนรวมอสังหาริมทรัพย์และกองทรัสต์เพื่อการลงทุนในอสังหาริมทรัพย์,กองทุนรวมอสังหาริมทรัพย์มัลติเนชั่นแนลเรสซิเดนซ์ฟันด์
MODERN,MODERN,SET,สินค้าอุปโภคบริโภค,ของใช้ในครัวเรือนและสำนักงาน,บริษัท โมเดอร์นฟอร์มกรุ๊ป จำกัด (มหาชน)
MONO,MONO,SET,บริการ,สื่อและสิ่งพิมพ์,บริษัท โมโน เทคโนโลยี จำกัด (มหาชน)
MOONG,MOONG,MAI,สินค้าอุปโภคบริโภค,-,บริษัท มุ่งพัฒนา อินเตอร์แนชชั่นแนล จำกัด (มหาชน)
M-PAT,M-PAT,SET,อสังหาริมทรัพย์และก่อสร้าง,กองทุนรวมอสังหาริมทรัพย์และกองทรัสต์เพื่อการลงทุนในอสังหาริมทรัพย์,กองทุนรวมอสังหาริมทรัพย์เอ็มเอฟซี ป่าตอง เฮอริเทจ
MPG,MPG,MAI,บริการ,-,บริษัท เอ็มพีจี คอร์ปอเรชั่น จำกัด (มหาชน)
MPIC,MPIC,SET,บริการ,สื่อและสิ่งพิมพ์,บริษัท เอ็ม พิคเจอร์ส เอ็นเตอร์เทนเม้นท์ จำกัด (มหาชน)
MSC,MSC,SET,เทคโนโลยี,เทคโนโลยีสารสนเทศและการสื่อสาร,บริษัท เมโทรซิสเต็มส์คอร์ปอเรชั่น จำกัด (มหาชน)
M-STOR,M-STOR,SET,อสังหาริมทรัพย์และก่อสร้าง,กองทุนรวมอสังหาริมทรัพย์และกองทรัสต์เพื่อการลงทุนในอสังหาริมทรัพย์,กองทุนรวมอสังหาริมทรัพย์เอ็มเอฟซี-สแตรทิจิกสโตเรจฟันด์
MTC,MTC,SET,ธุรกิจการเงิน,เงินทุนและหลักทรัพย์,บริษัท เมืองไทย แคปปิตอล จำกัด (มหาชน)
MTI,MTI,SET,ธุรกิจการเงิน,ประกันภัยและประกันชีวิต,บริษัท เมืองไทยประกันภัย จำกัด (มหาชน)
MVP,MVP,MAI,บริการ,-,บริษัท เอ็ม วิชั่น จำกัด (มหาชน)
NC,NC,SET,สินค้าอุปโภคบริโภค,แฟชั่น,บริษัท นิวซิตี้ (กรุงเทพฯ) จำกัด (มหาชน)
NCH,NCH,SET,อสังหาริมทรัพย์และก่อสร้าง,พัฒนาอสังหาริมทรัพย์,บริษัท เอ็น. ซี. เฮ้าส์ซิ่ง จำกัด (มหาชน)
NCL,NCL,MAI,บริการ,-,บริษัท เอ็นซีแอล อินเตอร์เนชั่นแนล โลจิสติกส์ จำกัด (มหาชน)
NDR,NDR,MAI,สินค้าอุตสาหกรรม,-,บริษัท เอ็น.ดี.รับเบอร์ จำกัด (มหาชน)
NEP,NEP,SET,สินค้าอุตสาหกรรม,บรรจุภัณฑ์,บริษัท เอ็นอีพี อสังหาริมทรัพย์ และอุตสาหกรรม จำกัด (มหาชน)
NER,NER,SET,เกษตรและอุตสาหกรรมอาหาร,ธุรกิจการเกษตร,บริษัท นอร์ทอีส รับเบอร์ จำกัด (มหาชน)
NETBAY,NETBAY,MAI,เทคโนโลยี,-,บริษัท เน็ตเบย์ จำกัด (มหาชน)
NEW,NEW,SET,บริการ,การแพทย์,บริษัท วัฒนาการแพทย์ จำกัด (มหาชน)
NEWS,NEWS,MAI,บริการ,-,บริษัท นิวส์ เน็ตเวิร์ค คอร์ปอเรชั่น จำกัด (มหาชน)
NEX,NEX,SET,เทคโนโลยี,ชิ้นส่วนอิเล็กทรอนิกส์,บริษัท เน็กซ์ พอยท์ จำกัด (มหาชน)
NFC,NFC,SET,สินค้าอุตสาหกรรม,ปิโตรเคมีและเคมีภัณฑ์,บริษัท เอ็นเอฟซี จำกัด (มหาชน)
NINE,NINE,MAI,บริการ,-,บริษัท เนชั่น อินเตอร์เนชั่นแนล เอ็ดดูเทนเมนท์ จำกัด (มหาชน)
NKI,NKI,SET,ธุรกิจการเงิน,ประกันภัยและประกันชีวิต,บริษัท นวกิจประกันภัย จำกัด (มหาชน)
NNCL,NNCL,SET,อสังหาริมทรัพย์และก่อสร้าง,พัฒนาอสังหาริมทรัพย์,บริษัท นวนคร จำกัด (มหาชน)
NOBLE,NOBLE,SET,อสังหาริมทรัพย์และก่อสร้าง,พัฒนาอสังหาริมทรัพย์,บริษัท โนเบิล ดีเวลลอปเมนท์ จำกัด (มหาชน)
NOK,NOK,SET,บริการ,ขนส่งและโลจิสติกส์,บริษัท สายการบินนกแอร์ จำกัด (มหาชน)
NPK,NPK,MAI,สินค้าอุปโภคบริโภค,-,บริษัท นิวพลัสนิตติ้ง จำกัด (มหาชน)
NSI,NSI,SET,ธุรกิจการเงิน,ประกันภัยและประกันชีวิต,บริษัทนำสินประกันภัย จำกัด (มหาชน)
NTV,NTV,SET,บริการ,การแพทย์,บริษัท โรงพยาบาลนนทเวช จำกัด (มหาชน)
NVD,NVD,SET,อสังหาริมทรัพย์และก่อสร้าง,พัฒนาอสังหาริมทรัพย์,บริษัท เนอวานา ไดอิ จำกัด (มหาชน)
NWR,NWR,SET,อสังหาริมทรัพย์และก่อสร้าง,บริการรับเหมาก่อสร้าง,บริษัทเนาวรัตน์พัฒนาการ จำกัด (มหาชน)
NYT,NYT,SET,บริการ,ขนส่งและโลจิสติกส์,บริษัท นามยง เทอร์มินัล จำกัด (มหาชน)
OCC,OCC,SET,สินค้าอุปโภคบริโภค,ของใช้ส่วนตัวและเวชภัณฑ์,บริษัท โอ ซี ซี จำกัด (มหาชน)
OGC,OGC,SET,สินค้าอุปโภคบริโภค,ของใช้ในครัวเรือนและสำนักงาน,บริษัท โอเชียนกลาส จำกัด (มหาชน)
OHTL,OHTL,SET,บริการ,การท่องเที่ยวและสันทนาการ,บริษัท โอเอชทีแอล จำกัด (มหาชน)
OISHI,OISHI,SET,เกษตรและอุตสาหกรรมอาหาร,อาหารและเครื่องดื่ม,บริษัท โออิชิ กรุ๊ป จำกัด (มหาชน)
ORI,ORI,SET,อสังหาริมทรัพย์และก่อสร้าง,พัฒนาอสังหาริมทรัพย์,บริษัท ออริจิ้น พร็อพเพอร์ตี้ จำกัด (มหาชน)
OSP,OSP,SET,เกษตรและอุตสาหกรรมอาหาร,อาหารและเครื่องดื่ม,บริษัท โอสถสภา จำกัด (มหาชน)
OTO,OTO,MAI,บริการ,-,บริษัท วันทูวัน คอนแทคส์ จำกัด (มหาชน)
PACE,PACE,SET,อสังหาริมทรัพย์และก่อสร้าง,พัฒนาอสังหาริมทรัพย์,บริษัท เพซ ดีเวลลอปเมนท์ คอร์ปอเรชั่น จำกัด (มหาชน)
PAE,PAE,SET,อสังหาริมทรัพย์และก่อสร้าง,บริการรับเหมาก่อสร้าง,บริษัท พีเออี (ประเทศไทย) จำกัด (มหาชน)
PAF,PAF,SET,สินค้าอุปโภคบริโภค,แฟชั่น,บริษัท แพนเอเซียฟุตแวร์ จำกัด (มหาชน)
PAP,PAP,SET,สินค้าอุตสาหกรรม,เหล็ก,บริษัท แปซิฟิกไพพ์ จำกัด (มหาชน)
PATO,PATO,SET,สินค้าอุตสาหกรรม,ปิโตรเคมีและเคมีภัณฑ์,บริษัท พาโตเคมีอุตสาหกรรม จำกัด (มหาชน)
PB,PB,SET,เกษตรและอุตสาหกรรมอาหาร,อาหารและเครื่องดื่ม,บริษัท เพรซิเดนท์ เบเกอรี่ จำกัด (มหาชน)
PCSGH,PCSGH,SET,สินค้าอุตสาหกรรม,ยานยนต์,บริษัท พี.ซี.เอส.แมชีน กรุ๊ปโฮลดิ้ง จำกัด (มหาชน)
PDG,PDG,MAI,สินค้าอุตสาหกรรม,-,บริษัท พรอดดิจิ จำกัด (มหาชน)
PDI,PDI,SET,ทรัพยากร,เหมืองแร่,บริษัท ผาแดงอินดัสทรี จำกัด (มหาชน)
PDJ,PDJ,SET,สินค้าอุปโภคบริโภค,แฟชั่น,บริษัท แพรนด้า จิวเวลรี่ จำกัด (มหาชน)
PE,PE,SET,ธุรกิจการเงิน,เงินทุนและหลักทรัพย์,บริษัท พรีเมียร์เอ็นเตอร์ไพรซ์ จำกัด (มหาชน)
PERM,PERM,SET,สินค้าอุตสาหกรรม,เหล็ก,บริษัท เพิ่มสินสตีลเวิคส์ จำกัด (มหาชน)
PF,PF,SET,อสังหาริมทรัพย์และก่อสร้าง,พัฒนาอสังหาริมทรัพย์,บริษัท พร็อพเพอร์ตี้ เพอร์เฟค จำกัด (มหาชน)
PG,PG,SET,สินค้าอุปโภคบริโภค,แฟชั่น,บริษัท ประชาอาภรณ์ จำกัด (มหาชน)
PHOL,PHOL,MAI,บริการ,-,บริษัท ผลธัญญะ จำกัด (มหาชน)
PICO,PICO,MAI,บริการ,-,บริษัท ปิโก (ไทยแลนด์) จำกัด (มหาชน)
PIMO,PIMO,MAI,สินค้าอุตสาหกรรม,-,บริษัท ไพโอเนียร์ มอเตอร์ จำกัด (มหาชน)
PJW,PJW,MAI,สินค้าอุตสาหกรรม,-,บริษัท ปัญจวัฒนาพลาสติก จำกัด (มหาชน)
PK,PK,SET,สินค้าอุตสาหกรรม,วัสดุอุตสาหกรรมและเครื่องจักร,บริษัท พัฒน์กล จำกัด (มหาชน)
PL,PL,SET,ธุรกิจการเงิน,เงินทุนและหลักทรัพย์,บริษัท ภัทรลิสซิ่ง จำกัด (มหาชน)
PLANB,PLANB,SET,บริการ,สื่อและสิ่งพิมพ์,บริษัท แพลน บี มีเดีย จำกัด (มหาชน)
PLANET,PLANET,MAI,เทคโนโลยี,-,บริษัท แพลนเน็ต คอมมิวนิเคชั่น เอเชีย จำกัด (มหาชน)
PLAT,PLAT,SET,อสังหาริมทรัพย์และก่อสร้าง,พัฒนาอสังหาริมทรัพย์,บริษัท เดอะ แพลทินัม กรุ๊ป จำกัด (มหาชน)
PLE,PLE,SET,อสังหาริมทรัพย์และก่อสร้าง,บริการรับเหมาก่อสร้าง,บริษัท เพาเวอร์ไลน์ เอ็นจิเนียริ่ง จำกัด (มหาชน)
PM,PM,SET,เกษตรและอุตสาหกรรมอาหาร,อาหารและเครื่องดื่ม,บริษัท พรีเมียร์ มาร์เก็ตติ้ง จำกัด (มหาชน)
PMTA,PMTA,SET,สินค้าอุตสาหกรรม,ปิโตรเคมีและเคมีภัณฑ์,บริษัท พีเอ็ม โทรีเซน เอเชีย โฮลดิ้งส์ จำกัด (มหาชน)
POLAR,POLAR,SET,อสังหาริมทรัพย์และก่อสร้าง,พัฒนาอสังหาริมทรัพย์,บริษัท โพลาริส แคปปิตัล จำกัด (มหาชน)
POMPUI,POMPUI,SET,-,หมวดบริษัทจดทะเบียนที่อยู่ระหว่างฟื้นฟูการดำเนินงาน,บริษัท ผลิตภัณฑ์อาหารกว้างไพศาล จำกัด (มหาชน)
POPF,POPF,SET,อสังหาริมทรัพย์และก่อสร้าง,กองทุนรวมอสังหาริมทรัพย์และกองทรัสต์เพื่อการลงทุนในอสังหาริมทรัพย์,กองทุนรวมสิทธิการเช่าอสังหาริมทรัพย์ไพร์มออฟฟิศ
PORT,PORT,SET,บริการ,ขนส่งและโลจิสติกส์,บริษัท สหไทย เทอร์มินอล จำกัด (มหาชน)
POST,POST,SET,บริการ,สื่อและสิ่งพิมพ์,บริษัท บางกอก โพสต์ จำกัด (มหาชน)
PPF,PPF,SET,อสังหาริมทรัพย์และก่อสร้าง,กองทุนรวมอสังหาริมทรัพย์และกองทรัสต์เพื่อการลงทุนในอสังหาริมทรัพย์,กองทุนรวมอสังหาริมทรัพย์ปิ่นทอง อินดัสเตรียล ปาร์ค
PPM,PPM,MAI,สินค้าอุตสาหกรรม,-,บริษัท พรพรหมเม็ททอล จำกัด (มหาชน)
PPP,PPP,SET,อสังหาริมทรัพย์และก่อสร้าง,วัสดุก่อสร้าง,บริษัท พรีเมียร์ โพรดักส์ จำกัด (มหาชน)
PPPM,PPPM,SET,เกษตรและอุตสาหกรรมอาหาร,ธุรกิจการเกษตร,บริษัท พีพี ไพร์ม จำกัด (มหาชน)
PPS,PPS,MAI,อสังหาริมทรัพย์และก่อสร้าง,-,บริษัท โปรเจค แพลนนิ่ง เซอร์วิส จำกัด (มหาชน)
PR9,PR9,SET,บริการ,การแพทย์,บริษัท โรงพยาบาลพระรามเก้า จำกัด (มหาชน)
PRAKIT,PRAKIT,SET,บริการ,สื่อและสิ่งพิมพ์,บริษัท ประกิต โฮลดิ้งส์ จำกัด (มหาชน)
PREB,PREB,SET,อสังหาริมทรัพย์และก่อสร้าง,บริการรับเหมาก่อสร้าง,บริษัท พรีบิลท์ จำกัด (มหาชน)
PRECHA,PRECHA,SET,อสังหาริมทรัพย์และก่อสร้าง,พัฒนาอสังหาริมทรัพย์,บริษัท ปรีชากรุ๊ป จำกัด (มหาชน)
PRG,PRG,SET,เกษตรและอุตสาหกรรมอาหาร,อาหารและเครื่องดื่ม,บริษัท ปทุมไรซมิล แอนด์ แกรนารี จำกัด (มหาชน)
PRIME,PRIME,SET,ทรัพยากร,พลังงานและสาธารณูปโภค,บริษัท ไพร์ม โรด เพาเวอร์ จำกัด (มหาชน)
PRINC,PRINC,SET,บริการ,การแพทย์,บริษัท พริ้นซิเพิล แคปิตอล จำกัด (มหาชน)
PRM,PRM,SET,บริการ,ขนส่งและโลจิสติกส์,บริษัท พริมา มารีน จำกัด (มหาชน)
PRO,PRO,SET,บริการ,บริการเฉพาะกิจ,บริษัท โปรเฟสชั่นแนล เวสต์ เทคโนโลยี (1999) จำกัด (มหาชน)
PROUD,PROUD,MAI,อสังหาริมทรัพย์และก่อสร้าง,-,บริษัท พราว เรียล เอสเตท จำกัด (มหาชน)
PSH,PSH,SET,อสังหาริมทรัพย์และก่อสร้าง,พัฒนาอสังหาริมทรัพย์,บริษัท พฤกษา โฮลดิ้ง จำกัด (มหาชน)
PSL,PSL,SET,บริการ,ขนส่งและโลจิสติกส์,บริษัท พรีเชียส ชิพปิ้ง จำกัด (มหาชน)
PSTC,PSTC,MAI,ทรัพยากร,-,บริษัท เพาเวอร์ โซลูชั่น เทคโนโลยี จำกัด (มหาชน)
PT,PT,SET,เทคโนโลยี,เทคโนโลยีสารสนเทศและการสื่อสาร,บริษัท พรีเมียร์ เทคโนโลยี จำกัด (มหาชน)
PTG,PTG,SET,ทรัพยากร,พลังงานและสาธารณูปโภค,บริษัท พีทีจี เอ็นเนอยี จำกัด (มหาชน)
PTL,PTL,SET,สินค้าอุตสาหกรรม,บรรจุภัณฑ์,บริษัท โพลีเพล็กซ์ (ประเทศไทย) จำกัด (มหาชน)
PTT,PTT,SET,ทรัพยากร,พลังงานและสาธารณูปโภค,บริษัท ปตท. จำกัด (มหาชน)
PTTEP,PTTEP,SET,ทรัพยากร,พลังงานและสาธารณูปโภค,บริษัท ปตท. สำรวจและผลิตปิโตรเลียม จำกัด (มหาชน)
PTTGC,PTTGC,SET,สินค้าอุตสาหกรรม,ปิโตรเคมีและเคมีภัณฑ์,บริษัท พีทีที โกลบอล เคมิคอล จำกัด (มหาชน)
PYLON,PYLON,SET,อสังหาริมทรัพย์และก่อสร้าง,บริการรับเหมาก่อสร้าง,บริษัท ไพลอน จำกัด (มหาชน)
Q-CON,Q-CON,SET,อสังหาริมทรัพย์และก่อสร้าง,วัสดุก่อสร้าง,บริษัท ควอลิตี้คอนสตรัคชั่นโปรดัคส์ จำกัด (มหาชน)
QHPF,QHPF,SET,อสังหาริมทรัพย์และก่อสร้าง,กองทุนรวมอสังหาริมทรัพย์และกองทรัสต์เพื่อการลงทุนในอสังหาริมทรัพย์,กองทุนรวมสิทธิการเช่าอสังหาริมทรัพย์ควอลิตี้ เฮ้าส์
QLT,QLT,MAI,บริการ,-,บริษัท ควอลลีเทค จำกัด (มหาชน)
QTC,QTC,MAI,ทรัพยากร,-,บริษัท คิวทีซี เอนเนอร์ยี่ จำกัด (มหาชน)
RAM,RAM,SET,บริการ,การแพทย์,บริษัท โรงพยาบาลรามคำแหง จำกัด (มหาชน)
RATCH,RATCH,SET,ทรัพยากร,พลังงานและสาธารณูปโภค,บริษัท ราช กรุ๊ป จำกัด (มหาชน)
RBF,RBF,SET,เกษตรและอุตสาหกรรมอาหาร,อาหารและเครื่องดื่ม,บริษัท อาร์ แอนด์ บี ฟู้ด ซัพพลาย จำกัด (มหาชน)
RCL,RCL,SET,บริการ,ขนส่งและโลจิสติกส์,บริษัท อาร์ ซี แอล จำกัด (มหาชน)
RICH,RICH,SET,สินค้าอุตสาหกรรม,เหล็ก,บริษัท ริช เอเชีย คอร์ปอเรชั่น จำกัด (มหาชน)
RICHY,RICHY,SET,อสังหาริมทรัพย์และก่อสร้าง,พัฒนาอสังหาริมทรัพย์,บริษัท ริชี่ เพลซ 2002 จำกัด (มหาชน)
RJH,RJH,SET,บริการ,การแพทย์,บริษัท โรงพยาบาลราชธานี จำกัด (มหาชน)
RML,RML,SET,อสังหาริมทรัพย์และก่อสร้าง,พัฒนาอสังหาริมทรัพย์,บริษัท ไรมอน แลนด์ จำกัด (มหาชน)
ROCK,ROCK,SET,สินค้าอุปโภคบริโภค,ของใช้ในครัวเรือนและสำนักงาน,บริษัท ร้อกเวิธ จำกัด (มหาชน)
ROH,ROH,SET,บริการ,การท่องเที่ยวและสันทนาการ,บริษัท โรงแรมรอยัล ออคิด (ประเทศไทย) จำกัด (มหาชน)
ROJNA,ROJNA,SET,อสังหาริมทรัพย์และก่อสร้าง,พัฒนาอสังหาริมทรัพย์,บริษัท สวนอุตสาหกรรมโรจนะ จำกัด (มหาชน)
RP,RP,MAI,บริการ,-,บริษัท ท่าเรือราชาเฟอร์รี่ จำกัด (มหาชน)
RPC,RPC,SET,ทรัพยากร,พลังงานและสาธารณูปโภค,บริษัท อาร์พีซีจี จำกัด (มหาชน)
RSP,RSP,SET,บริการ,พาณิชย์,บริษัท ริช สปอร์ต จำกัด (มหาชน)
RWI,RWI,MAI,สินค้าอุตสาหกรรม,-,บริษัท ระยองไวร์ อินดัสตรีส์ จำกัด (มหาชน)
S,S,SET,อสังหาริมทรัพย์และก่อสร้าง,พัฒนาอสังหาริมทรัพย์,บริษัท สิงห์ เอสเตท จำกัด (มหาชน)
S & J,S & J,SET,สินค้าอุปโภคบริโภค,ของใช้ส่วนตัวและเวชภัณฑ์,บ.เอส แอนด์ เจ อินเตอร์เนชั่นแนล เอนเตอร์ไพรส์ จำกัด (มหาชน)
S11,S11,SET,ธุรกิจการเงิน,เงินทุนและหลักทรัพย์,บริษัท เอส 11 กรุ๊ป จำกัด (มหาชน)
SAAM,SAAM,MAI,ทรัพยากร,-,บริษัท เอสเอเอเอ็ม เอ็นเนอร์ยี่ ดีเวลลอปเมนท์ จำกัด (มหาชน)
SABINA,SABINA,SET,สินค้าอุปโภคบริโภค,แฟชั่น,บริษัท ซาบีน่า จำกัด (มหาชน)
SAFARI,SAFARI,SET,-,หมวดบริษัทจดทะเบียนที่อยู่ระหว่างฟื้นฟูการดำเนินงาน,บริษัท ซาฟารีเวิลด์ จำกัด (มหาชน)
SALEE,SALEE,MAI,สินค้าอุตสาหกรรม,-,บริษัท สาลี่อุตสาหกรรม จำกัด (มหาชน)
SAM,SAM,SET,สินค้าอุตสาหกรรม,เหล็ก,บริษัท สามชัย สตีล อินดัสทรี จำกัด (มหาชน)
SAMART,SAMART,SET,เทคโนโลยี,เทคโนโลยีสารสนเทศและการสื่อสาร,บริษัท สามารถคอร์ปอเรชั่น จำกัด (มหาชน)
SAMCO,SAMCO,SET,อสังหาริมทรัพย์และก่อสร้าง,พัฒนาอสังหาริมทรัพย์,บริษัท สัมมากร จำกัด (มหาชน)
SAMTEL,SAMTEL,SET,เทคโนโลยี,เทคโนโลยีสารสนเทศและการสื่อสาร,บริษัท สามารถเทลคอม จำกัด (มหาชน)
SANKO,SANKO,MAI,สินค้าอุตสาหกรรม,-,บริษัท ซังโกะ ไดคาซติ้ง (ประเทศไทย) จำกัด (มหาชน)
SAPPE,SAPPE,SET,เกษตรและอุตสาหกรรมอาหาร,อาหารและเครื่องดื่ม,บริษัท เซ็ปเป้ จำกัด (มหาชน)
SAT,SAT,SET,สินค้าอุตสาหกรรม,ยานยนต์,บริษัท สมบูรณ์ แอ๊ดวานซ์ เทคโนโลยี จำกัด (มหาชน)
SAUCE,SAUCE,SET,เกษตรและอุตสาหกรรมอาหาร,อาหารและเครื่องดื่ม,บริษัท ไทยเทพรส จำกัด (มหาชน)
SAWAD,SAWAD,SET,ธุรกิจการเงิน,เงินทุนและหลักทรัพย์,บริษัท ศรีสวัสดิ์ คอร์ปอเรชั่น จำกัด (มหาชน)
SC,SC,SET,อสังหาริมทรัพย์และก่อสร้าง,พัฒนาอสังหาริมทรัพย์,บริษัท เอสซี แอสเสท คอร์ปอเรชั่น จำกัด (มหาชน)
SCB,SCB,SET,ธุรกิจการเงิน,ธนาคาร,ธนาคารไทยพาณิชย์ จำกัด (มหาชน)
SCC,SCC,SET,อสังหาริมทรัพย์และก่อสร้าง,วัสดุก่อสร้าง,บริษัท ปูนซิเมนต์ไทย จำกัด(มหาชน)
SCCC,SCCC,SET,อสังหาริมทรัพย์และก่อสร้าง,วัสดุก่อสร้าง,บริษัท ปูนซีเมนต์นครหลวง จำกัด (มหาชน)
SCG,SCG,SET,ทรัพยากร,พลังงานและสาธารณูปโภค,บริษัท สหโคเจน (ชลบุรี) จำกัด (มหาชน)
SCI,SCI,SET,ทรัพยากร,พลังงานและสาธารณูปโภค,บริษัท เอสซีไอ อีเลคตริค จำกัด (มหาชน)
SCN,SCN,SET,ทรัพยากร,พลังงานและสาธารณูปโภค,บริษัท สแกน อินเตอร์ จำกัด (มหาชน)
SCP,SCP,SET,อสังหาริมทรัพย์และก่อสร้าง,วัสดุก่อสร้าง,บริษัท ทักษิณคอนกรีต จำกัด (มหาชน)
SDC,SDC,SET,เทคโนโลยี,เทคโนโลยีสารสนเทศและการสื่อสาร,บริษัท สามารถ ดิจิตอล จำกัด (มหาชน)
SE,SE,MAI,บริการ,-,บริษัท สยามอีสต์ โซลูชั่น จำกัด (มหาชน)
SEAFCO,SEAFCO,SET,อสังหาริมทรัพย์และก่อสร้าง,บริการรับเหมาก่อสร้าง,บริษัท ซีฟโก้ จำกัด (มหาชน)
SEAOIL,SEAOIL,MAI,ทรัพยากร,-,บริษัท ซีออยล์ จำกัด (มหาชน)
SE-ED,SE-ED,SET,บริการ,สื่อและสิ่งพิมพ์,บริษัท ซีเอ็ดยูเคชั่น จำกัด (มหาชน)
SELIC,SELIC,MAI,สินค้าอุตสาหกรรม,-,บริษัท ซีลิค คอร์พ จำกัด (มหาชน)
SENA,SENA,SET,อสังหาริมทรัพย์และก่อสร้าง,พัฒนาอสังหาริมทรัพย์,บริษัท เสนาดีเวลลอปเม้นท์ จำกัด (มหาชน)
SF,SF,SET,อสังหาริมทรัพย์และก่อสร้าง,พัฒนาอสังหาริมทรัพย์,บริษัท สยามฟิวเจอร์ดีเวลอปเมนท์ จำกัด (มหาชน)
SFLEX,SFLEX,SET,สินค้าอุตสาหกรรม,บรรจุภัณฑ์,บริษัท สตาร์เฟล็กซ์ จำกัด (มหาชน)
SFP,SFP,SET,เกษตรและอุตสาหกรรมอาหาร,อาหารและเครื่องดื่ม,บริษัท อาหารสยาม จำกัด(มหาชน)
SGF,SGF,MAI,ธุรกิจการเงิน,-,บริษัท เอสจีเอฟ แคปปิตอล จำกัด (มหาชน)
SGP,SGP,SET,ทรัพยากร,พลังงานและสาธารณูปโภค,บริษัท สยามแก๊ส แอนด์ ปิโตรเคมีคัลส์ จำกัด (มหาชน)
SHANG,SHANG,SET,บริการ,การท่องเที่ยวและสันทนาการ,บริษัท แชงกรี-ลา โฮเต็ล จำกัด (มหาชน)
SIAM,SIAM,SET,สินค้าอุปโภคบริโภค,ของใช้ในครัวเรือนและสำนักงาน,บริษัท สยามสตีลอินเตอร์เนชั่นแนล จำกัด (มหาชน)
SIMAT,SIMAT,MAI,เทคโนโลยี,-,บริษัท ไซแมท เทคโนโลยี จำกัด (มหาชน)
SINGER,SINGER,SET,บริการ,พาณิชย์,บริษัท ซิงเกอร์ประเทศไทย จำกัด (มหาชน)
SIRI,SIRI,SET,อสังหาริมทรัพย์และก่อสร้าง,พัฒนาอสังหาริมทรัพย์,บริษัท แสนสิริ จำกัด (มหาชน)
SIRIP,SIRIP,SET,อสังหาริมทรัพย์และก่อสร้าง,กองทุนรวมอสังหาริมทรัพย์และกองทรัสต์เพื่อการลงทุนในอสังหาริมทรัพย์,กองทุนรวมอสังหาริมทรัพย์แสนสิริ ไพร์มออฟฟิศ
SIS,SIS,SET,เทคโนโลยี,เทคโนโลยีสารสนเทศและการสื่อสาร,บริษัท เอสไอเอส ดิสทริบิวชั่น (ประเทศไทย) จำกัด (มหาชน)
SISB,SISB,SET,บริการ,บริการเฉพาะกิจ,บริษัท เอสไอเอสบี จำกัด (มหาชน)
SITHAI,SITHAI,SET,สินค้าอุตสาหกรรม,บรรจุภัณฑ์,บริษัท ศรีไทยซุปเปอร์แวร์ จำกัด (มหาชน)
SKE,SKE,SET,ทรัพยากร,พลังงานและสาธารณูปโภค,บริษัท สากล เอนเนอยี จำกัด (มหาชน)
SKN,SKN,SET,อสังหาริมทรัพย์และก่อสร้าง,วัสดุก่อสร้าง,บริษัท ส.กิจชัย เอ็นเตอร์ไพรส์ จำกัด (มหาชน)
SKY,SKY,MAI,เทคโนโลยี,-,บริษัท สกาย ไอซีที จำกัด (มหาชน)
SLP,SLP,SET,สินค้าอุตสาหกรรม,บรรจุภัณฑ์,บริษัท สาลี่ พริ้นท์ติ้ง จำกัด (มหาชน)
SMART,SMART,MAI,อสังหาริมทรัพย์และก่อสร้าง,-,บริษัท สมาร์ทคอนกรีต จำกัด (มหาชน)
SMIT,SMIT,SET,สินค้าอุตสาหกรรม,เหล็ก,บริษัท สหมิตรเครื่องกล จำกัด (มหาชน)
SMK,SMK,SET,ธุรกิจการเงิน,ประกันภัยและประกันชีวิต,บริษัท สินมั่นคงประกันภัย จำกัด (มหาชน)
SMPC,SMPC,SET,สินค้าอุตสาหกรรม,บรรจุภัณฑ์,บริษัท สหมิตรถังแก๊ส จำกัด (มหาชน)
SMT,SMT,SET,เทคโนโลยี,ชิ้นส่วนอิเล็กทรอนิกส์,บริษัท สตาร์ส ไมโครอิเล็กทรอนิกส์ (ประเทศไทย) จำกัด (มหาชน)
SNC,SNC,SET,สินค้าอุตสาหกรรม,วัสดุอุตสาหกรรมและเครื่องจักร,บริษัท เอส เอ็น ซี ฟอร์เมอร์ จำกัด (มหาชน)
SNP,SNP,SET,เกษตรและอุตสาหกรรมอาหาร,อาหารและเครื่องดื่ม,บริษัท เอส แอนด์ พี ซินดิเคท จำกัด (มหาชน)
SOLAR,SOLAR,SET,ทรัพยากร,พลังงานและสาธารณูปโภค,บริษัท โซลาร์ตรอน จำกัด (มหาชน)
SONIC,SONIC,MAI,บริการ,-,บริษัท โซนิค อินเตอร์เฟรท จำกัด (มหาชน)
SORKON,SORKON,SET,เกษตรและอุตสาหกรรมอาหาร,อาหารและเครื่องดื่ม,บริษัท ส. ขอนแก่นฟู้ดส์ จำกัด (มหาชน)
SPA,SPA,MAI,บริการ,-,บริษัท สยามเวลเนสกรุ๊ป จำกัด (มหาชน)
SPACK,SPACK,SET,สินค้าอุตสาหกรรม,บรรจุภัณฑ์,บริษัท เอส. แพ็ค แอนด์ พริ้นท์ จำกัด (มหาชน)
SPALI,SPALI,SET,อสังหาริมทรัพย์และก่อสร้าง,พัฒนาอสังหาริมทรัพย์,บริษัท ศุภาลัย จำกัด (มหาชน)
SPC,SPC,SET,บริการ,พาณิชย์,บริษัท สหพัฒนพิบูล จำกัด (มหาชน)
SPCG,SPCG,SET,ทรัพยากร,พลังงานและสาธารณูปโภค,บริษัท เอสพีซีจี จำกัด (มหาชน)
SPF,SPF,SET,อสังหาริมทรัพย์และก่อสร้าง,กองทุนรวมอสังหาริมทรัพย์และกองทรัสต์เพื่อการลงทุนในอสังหาริมทรัพย์,กองทุนรวมสิทธิการเช่าอสังหาริมทรัพย์สนามบินสมุย
SPG,SPG,SET,สินค้าอุตสาหกรรม,ยานยนต์,บริษัท สยามภัณฑ์กรุ๊ป จำกัด (มหาชน)
SPI,SPI,SET,บริการ,พาณิชย์,บริษัท สหพัฒนาอินเตอร์โฮลดิ้ง จำกัด (มหาชน)
SPRC,SPRC,SET,ทรัพยากร,พลังงานและสาธารณูปโภค,บริษัท สตาร์ ปิโตรเลียม รีไฟน์นิ่ง จำกัด (มหาชน)
SPVI,SPVI,MAI,เทคโนโลยี,-,บริษัท เอส พี วี ไอ จำกัด (มหาชน)
SQ,SQ,SET,อสังหาริมทรัพย์และก่อสร้าง,บริการรับเหมาก่อสร้าง,บริษัท สหกลอิควิปเมนท์ จำกัด (มหาชน)
SR,SR,MAI,ทรัพยากร,-,บริษัท สยามราช จำกัด (มหาชน)
SRICHA,SRICHA,SET,อสังหาริมทรัพย์และก่อสร้าง,บริการรับเหมาก่อสร้าง,บริษัท ศรีราชาคอนสตรัคชั่น จำกัด (มหาชน)
SRIPANWA,SRIPANWA,SET,อสังหาริมทรัพย์และก่อสร้าง,กองทุนรวมอสังหาริมทรัพย์และกองทรัสต์เพื่อการลงทุนในอสังหาริมทรัพย์,ทรัสต์เพื่อการลงทุนในอสังหาริมทรัพย์โรงแรมศรีพันวา
SSC,SSC,SET,เกษตรและอุตสาหกรรมอาหาร,อาหารและเครื่องดื่ม,บริษัท เสริมสุข จำกัด (มหาชน)
SSF,SSF,SET,เกษตรและอุตสาหกรรมอาหาร,อาหารและเครื่องดื่ม,บริษัท สุรพลฟู้ดส์ จำกัด (มหาชน)
SSI,SSI,SET,สินค้าอุตสาหกรรม,เหล็ก,บริษัท สหวิริยาสตีลอินดัสตรี จำกัด (มหาชน)
SSP,SSP,SET,ทรัพยากร,พลังงานและสาธารณูปโภค,บริษัท เสริมสร้าง พาวเวอร์ คอร์ปอเรชั่น จำกัด (มหาชน)
SSSC,SSSC,SET,สินค้าอุตสาหกรรม,เหล็ก,บริษัท ศูนย์บริการเหล็กสยาม จำกัด (มหาชน)
SST,SST,SET,เกษตรและอุตสาหกรรมอาหาร,อาหารและเครื่องดื่ม,บริษัท ทรัพย์ศรีไทย จำกัด (มหาชน)
SSTRT,SSTRT,SET,อสังหาริมทรัพย์และก่อสร้าง,กองทุนรวมอสังหาริมทรัพย์และกองทรัสต์เพื่อการลงทุนในอสังหาริมทรัพย์,ทรัสต์เพื่อการลงทุนในอสังหาริมทรัพย์ทรัพย์ศรีไทย
STA,STA,SET,เกษตรและอุตสาหกรรมอาหาร,ธุรกิจการเกษตร,บริษัท ศรีตรังแอโกรอินดัสทรี จำกัด (มหาชน)
STANLY,STANLY,SET,สินค้าอุตสาหกรรม,ยานยนต์,บริษัท ไทยสแตนเลย์การไฟฟ้า จำกัด (มหาชน)
STAR,STAR,MAI,อสังหาริมทรัพย์และก่อสร้าง,-,บริษัท สตาร์ ยูนิเวอร์แซล เน็ตเวิร์ค จำกัด (มหาชน)
STC,STC,MAI,อสังหาริมทรัพย์และก่อสร้าง,-,บริษัท เอสทีซี คอนกรีตโปรดัคท์ จำกัด (มหาชน)
STEC,STEC,SET,อสังหาริมทรัพย์และก่อสร้าง,บริการรับเหมาก่อสร้าง,บริษัท ซิโน-ไทย เอ็นจีเนียริ่งแอนด์คอนสตรัคชั่น จำกัด(มหาชน)
STHAI,STHAI,SET,สินค้าอุปโภคบริโภค,ของใช้ส่วนตัวและเวชภัณฑ์,บริษัท ซันไทยอุตสาหกรรมถุงมือยาง จำกัด (มหาชน)
STI,STI,MAI,อสังหาริมทรัพย์และก่อสร้าง,-,บริษัท สโตนเฮ้นจ์ อินเตอร์ จำกัด (มหาชน)
STPI,STPI,SET,อสังหาริมทรัพย์และก่อสร้าง,บริการรับเหมาก่อสร้าง,บริษัท เอสทีพี แอนด์ ไอ จำกัด (มหาชน)
SUC,SUC,SET,สินค้าอุปโภคบริโภค,แฟชั่น,บริษัท สหยูเนี่ยน จำกัด (มหาชน)
SUN,SUN,MAI,เกษตรและอุตสาหกรรมอาหาร,-,บริษัท ซันสวีท จำกัด (มหาชน)
SUPER,SUPER,SET,ทรัพยากร,พลังงานและสาธารณูปโภค,บริษัท ซุปเปอร์ เอนเนอร์ยี คอร์เปอเรชั่น จำกัด (มหาชน)
SUPEREIF,SUPEREIF,SET,ทรัพยากร,พลังงานและสาธารณูปโภค,กองทุนรวมโครงสร้างพื้นฐานโรงไฟฟ้า ซุปเปอร์ เอนเนอร์ยี
SUSCO,SUSCO,SET,ทรัพยากร,พลังงานและสาธารณูปโภค,บริษัท ซัสโก้ จำกัด (มหาชน)
SUTHA,SUTHA,SET,สินค้าอุตสาหกรรม,ปิโตรเคมีและเคมีภัณฑ์,บริษัท สุธากัญจน์ จำกัด (มหาชน)
SVH,SVH,SET,บริการ,การแพทย์,บริษัท สมิติเวช จำกัด (มหาชน)
SVI,SVI,SET,เทคโนโลยี,ชิ้นส่วนอิเล็กทรอนิกส์,บริษัท เอสวีไอ จำกัด (มหาชน)
SVOA,SVOA,SET,เทคโนโลยี,เทคโนโลยีสารสนเทศและการสื่อสาร,บริษัท เอสวีโอเอ จำกัด (มหาชน)
SWC,SWC,MAI,สินค้าอุตสาหกรรม,-,บริษัท เชอร์วู้ด คอร์ปอเรชั่น (ประเทศไทย) จำกัด (มหาชน)
SYMC,SYMC,SET,เทคโนโลยี,เทคโนโลยีสารสนเทศและการสื่อสาร,บริษัท ซิมโฟนี่ คอมมูนิเคชั่น จำกัด (มหาชน)
SYNEX,SYNEX,SET,เทคโนโลยี,เทคโนโลยีสารสนเทศและการสื่อสาร,บริษัท ซินเน็ค (ประเทศไทย) จำกัด (มหาชน)
SYNTEC,SYNTEC,SET,อสังหาริมทรัพย์และก่อสร้าง,บริการรับเหมาก่อสร้าง,บริษัท ซินเท็ค คอนสตรัคชั่น จำกัด (มหาชน)
T,T,MAI,อสังหาริมทรัพย์และก่อสร้าง,-,บริษัท ที เอ็นจิเนียร์ริ่ง คอร์เปอร์เรชั่น จำกัด (มหาชน)
TACC,TACC,MAI,เกษตรและอุตสาหกรรมอาหาร,-,บริษัท ที.เอ.ซี. คอนซูเมอร์ จำกัด (มหาชน)
TAE,TAE,SET,ทรัพยากร,พลังงานและสาธารณูปโภค,บริษัท ไทย อะโกร เอ็นเนอร์ยี่ จำกัด (มหาชน)
TAKUNI,TAKUNI,MAI,ทรัพยากร,-,บริษัท ทาคูนิ กรุ๊ป จำกัด (มหาชน)
TAPAC,TAPAC,MAI,อสังหาริมทรัพย์และก่อสร้าง,-,บริษัท ทาพาโก้ จำกัด (มหาชน)
TASCO,TASCO,SET,อสังหาริมทรัพย์และก่อสร้าง,วัสดุก่อสร้าง,บริษัท ทิปโก้แอสฟัลท์ จำกัด (มหาชน)
TBSP,TBSP,SET,บริการ,สื่อและสิ่งพิมพ์,บริษัท ทีบีเอสพี จำกัด (มหาชน)
TC,TC,SET,เกษตรและอุตสาหกรรมอาหาร,อาหารและเครื่องดื่ม,บริษัท ทรอปิคอลแคนนิ่ง (ประเทศไทย) จำกัด (มหาชน)
TCAP,TCAP,SET,ธุรกิจการเงิน,ธนาคาร,บริษัท ทุนธนชาต จำกัด (มหาชน)
TCC,TCC,SET,ทรัพยากร,พลังงานและสาธารณูปโภค,บริษัท ไทย แคปปิตอล คอร์ปอเรชั่น จำกัด (มหาชน)
TCCC,TCCC,SET,สินค้าอุตสาหกรรม,ปิโตรเคมีและเคมีภัณฑ์,บริษัท ไทยเซ็นทรัลเคมี จำกัด (มหาชน)
TCJ,TCJ,SET,สินค้าอุตสาหกรรม,วัสดุอุตสาหกรรมและเครื่องจักร,บริษัท ที.ซี.เจ.เอเซีย จำกัด (มหาชน)
TCMC,TCMC,SET,อสังหาริมทรัพย์และก่อสร้าง,วัสดุก่อสร้าง,บริษัท ทีซีเอ็ม คอร์ปอเรชั่น จำกัด (มหาชน)
TEAM,TEAM,SET,เทคโนโลยี,ชิ้นส่วนอิเล็กทรอนิกส์,บริษัท ทีมพรีซิชั่น จำกัด (มหาชน)
TEAMG,TEAMG,SET,บริการ,บริการเฉพาะกิจ,บริษัท ทีม คอนซัลติ้ง เอนจิเนียริ่ง แอนด์ แมเนจเมนท์ จำกัด (มหาชน)
TFFIF,TFFIF,SET,บริการ,ขนส่งและโลจิสติกส์,กองทุนรวมโครงสร้างพื้นฐานเพื่ออนาคตประเทศไทย
TFG,TFG,SET,เกษตรและอุตสาหกรรมอาหาร,อาหารและเครื่องดื่ม,บริษัท ไทยฟู้ดส์ กรุ๊ป จำกัด (มหาชน)
TFI,TFI,SET,สินค้าอุตสาหกรรม,บรรจุภัณฑ์,บริษัท ไทยฟิล์มอินดัสตรี่ จำกัด (มหาชน)
TFMAMA,TFMAMA,SET,เกษตรและอุตสาหกรรมอาหาร,อาหารและเครื่องดื่ม,บริษัท ไทยเพรซิเดนท์ฟูดส์ จำกัด (มหาชน)
TGPRO,TGPRO,SET,สินค้าอุตสาหกรรม,เหล็ก,บริษัท ไทย-เยอรมัน โปรดักส์ จำกัด (มหาชน)
TH,TH,SET,บริการ,สื่อและสิ่งพิมพ์,บริษัท ตงฮั้ว โฮลดิ้ง จำกัด (มหาชน)
THAI,THAI,SET,บริการ,ขนส่งและโลจิสติกส์,บริษัท การบินไทย จำกัด (มหาชน)
THANA,THANA,MAI,อสังหาริมทรัพย์และก่อสร้าง,-,บริษัท ธนาสิริ กรุ๊ป จำกัด (มหาชน)
THANI,THANI,SET,ธุรกิจการเงิน,เงินทุนและหลักทรัพย์,บริษัท ราชธานีลิสซิ่ง จำกัด (มหาชน)
THCOM,THCOM,SET,เทคโนโลยี,เทคโนโลยีสารสนเทศและการสื่อสาร,บริษัท ไทยคม จำกัด (มหาชน)
THE,THE,SET,สินค้าอุตสาหกรรม,เหล็ก,บริษัท เดอะ สตีล จำกัด (มหาชน)
THG,THG,SET,บริการ,การแพทย์,บริษัท ธนบุรี เฮลท์แคร์ กรุ๊ป จำกัด (มหาชน)
THIP,THIP,SET,สินค้าอุตสาหกรรม,บรรจุภัณฑ์,บริษัท ทานตะวันอุตสาหกรรม จำกัด (มหาชน)
THL,THL,SET,ทรัพยากร,เหมืองแร่,บริษัท ทุ่งคาฮาเบอร์ จำกัด (มหาชน)
THMUI,THMUI,MAI,บริการ,-,บริษัท ไทยมุ้ย คอร์ปอเรชั่น จำกัด (มหาชน)
THRE,THRE,SET,ธุรกิจการเงิน,ประกันภัยและประกันชีวิต,บริษัท ไทยรับประกันภัยต่อ จำกัด (มหาชน)
THREL,THREL,SET,ธุรกิจการเงิน,ประกันภัยและประกันชีวิต,บริษัท ไทยรีประกันชีวิต จำกัด (มหาชน)
TIGER,TIGER,MAI,อสังหาริมทรัพย์และก่อสร้าง,-,บริษัท ไทย อิงเกอร์ โฮลดิ้ง จำกัด (มหาชน)
TIP,TIP,SET,ธุรกิจการเงิน,ประกันภัยและประกันชีวิต,บริษัท ทิพยประกันภัย จำกัด (มหาชน)
TIPCO,TIPCO,SET,เกษตรและอุตสาหกรรมอาหาร,อาหารและเครื่องดื่ม,บริษัท ทิปโก้ฟูดส์ จำกัด (มหาชน)
TISCO,TISCO,SET,ธุรกิจการเงิน,ธนาคาร,บริษัท ทิสโก้ไฟแนนเชียลกรุ๊ป จำกัด (มหาชน)
TITLE,TITLE,MAI,อสังหาริมทรัพย์และก่อสร้าง,-,บริษัท ร่มโพธิ์ พร็อพเพอร์ตี้ จำกัด (มหาชน)
TIW,TIW,SET,สินค้าอุตสาหกรรม,เหล็ก,บริษัท ไทยแลนด์ไอออนเวิคส์ จำกัด (มหาชน)
TK,TK,SET,ธุรกิจการเงิน,เงินทุนและหลักทรัพย์,บริษัท ฐิติกร จำกัด (มหาชน)
TKN,TKN,SET,เกษตรและอุตสาหกรรมอาหาร,อาหารและเครื่องดื่ม,บริษัท เถ้าแก่น้อย ฟู๊ดแอนด์มาร์เก็ตติ้ง จำกัด (มหาชน)
TKS,TKS,SET,บริการ,สื่อและสิ่งพิมพ์,บริษัท ที.เค.เอส. เทคโนโลยี จำกัด (มหาชน)
TKT,TKT,SET,สินค้าอุตสาหกรรม,ยานยนต์,บริษัท ที.กรุงไทยอุตสาหกรรม จำกัด (มหาชน)
TLHPF,TLHPF,SET,อสังหาริมทรัพย์และก่อสร้าง,กองทุนรวมอสังหาริมทรัพย์และกองทรัสต์เพื่อการลงทุนในอสังหาริมทรัพย์,กองทุนรวมอสังหาริมทรัพย์ ไทยแลนด์ โฮสพีทาลิตี้
TM,TM,MAI,สินค้าอุปโภคบริโภค,-,บริษัท เทคโนเมดิคัล จำกัด (มหาชน)
TMB,TMB,SET,ธุรกิจการเงิน,ธนาคาร,ธนาคารทหารไทย จำกัด (มหาชน)
TMC,TMC,MAI,สินค้าอุตสาหกรรม,-,บริษัท ที.เอ็ม.ซี. อุตสาหกรรม จำกัด (มหาชน)
TMD,TMD,SET,สินค้าอุตสาหกรรม,บรรจุภัณฑ์,บริษัท อุตสาหกรรมถังโลหะไทย จำกัด (มหาชน)
TMI,TMI,MAI,สินค้าอุตสาหกรรม,-,บริษัท ธีระมงคล อุตสาหกรรม จำกัด (มหาชน)
TMILL,TMILL,MAI,เกษตรและอุตสาหกรรมอาหาร,-,บริษัท ที เอส ฟลาวมิลล์ จำกัด (มหาชน)
TMT,TMT,SET,สินค้าอุตสาหกรรม,เหล็ก,บริษัท ทีเอ็มที สตีล จำกัด (มหาชน)
TMW,TMW,MAI,สินค้าอุตสาหกรรม,-,บริษัท ไทยมิตซูวา จำกัด (มหาชน)
TNDT,TNDT,MAI,บริการ,-,บริษัท ไทย เอ็น ดี ที จำกัด (มหาชน)
TNH,TNH,MAI,บริการ,-,บริษัท โรงพยาบาลไทยนครินทร์ จำกัด (มหาชน)
TNITY,TNITY,SET,ธุรกิจการเงิน,เงินทุนและหลักทรัพย์,บริษัท ทรีนีตี้ วัฒนา จำกัด (มหาชน)
TNL,TNL,SET,สินค้าอุปโภคบริโภค,แฟชั่น,บริษัท ธนูลักษณ์ จำกัด (มหาชน)
TNPC,TNPC,SET,สินค้าอุตสาหกรรม,ยานยนต์,บริษัท ไทยนามพลาสติกส์ จำกัด (มหาชน)
TNPF,TNPF,SET,อสังหาริมทรัพย์และก่อสร้าง,กองทุนรวมอสังหาริมทรัพย์และกองทรัสต์เพื่อการลงทุนในอสังหาริมทรัพย์,กองทุนรวมอสังหาริมทรัพย์และสิทธิการเช่าตรีนิตี้
TNR,TNR,SET,สินค้าอุปโภคบริโภค,ของใช้ส่วนตัวและเวชภัณฑ์,บริษัท ไทยนิปปอนรับเบอร์อินดัสตรี้ จำกัด (มหาชน)
TOA,TOA,SET,อสังหาริมทรัพย์และก่อสร้าง,วัสดุก่อสร้าง,บริษัท ทีโอเอ เพ้นท์ (ประเทศไทย) จำกัด (มหาชน)
TOG,TOG,SET,สินค้าอุปโภคบริโภค,ของใช้ส่วนตัวและเวชภัณฑ์,บริษัท ไทยออพติคอล กรุ๊ป จำกัด (มหาชน)
TOP,TOP,SET,ทรัพยากร,พลังงานและสาธารณูปโภค,บริษัท ไทยออยล์ จำกัด (มหาชน)
TOPP,TOPP,SET,สินค้าอุตสาหกรรม,บรรจุภัณฑ์,บริษัท ไทย โอ.พี.พี. จำกัด (มหาชน)
TPA,TPA,SET,สินค้าอุตสาหกรรม,ปิโตรเคมีและเคมีภัณฑ์,บริษัท ไทยโพลีอะคริลิค จำกัด (มหาชน)
TPAC,TPAC,MAI,สินค้าอุตสาหกรรม,-,บริษัท พลาสติค และหีบห่อไทย จำกัด (มหาชน)
TPBI,TPBI,SET,สินค้าอุตสาหกรรม,บรรจุภัณฑ์,บริษัท ทีพีบีไอ จำกัด (มหาชน)
TPCORP,TPCORP,SET,สินค้าอุปโภคบริโภค,แฟชั่น,บริษัท เท็กซ์ไทล์เพรสทีจ จำกัด (มหาชน)
TPIPL,TPIPL,SET,อสังหาริมทรัพย์และก่อสร้าง,วัสดุก่อสร้าง,บริษัท ทีพีไอ โพลีน จำกัด (มหาชน)
TPIPP,TPIPP,SET,ทรัพยากร,พลังงานและสาธารณูปโภค,บริษัท ทีพีไอ โพลีน เพาเวอร์ จำกัด (มหาชน)
TPLAS,TPLAS,MAI,สินค้าอุตสาหกรรม,-,บริษัท ไทยอุตสาหกรรมพลาสติก (1994) จำกัด (มหาชน)
TPOLY,TPOLY,SET,อสังหาริมทรัพย์และก่อสร้าง,บริการรับเหมาก่อสร้าง,บริษัท ไทยโพลีคอนส์ จำกัด (มหาชน)
TPP,TPP,SET,สินค้าอุตสาหกรรม,บรรจุภัณฑ์,บริษัท ไทยบรรจุภัณฑ์และการพิมพ์ จำกัด (มหาชน)
TPRIME,TPRIME,SET,อสังหาริมทรัพย์และก่อสร้าง,กองทุนรวมอสังหาริมทรัพย์และกองทรัสต์เพื่อการลงทุนในอสังหาริมทรัพย์,ทรัสต์เพื่อการลงทุนในอสังหาริมทรัพย์และสิทธิการเช่าไทยแลนด์ ไพร์ม พร็อพเพอร์ตี้
TPS,TPS,MAI,เทคโนโลยี,-,บริษัท เดอะแพรคทิเคิลโซลูชั่น จำกัด (มหาชน)
TQM,TQM,SET,ธุรกิจการเงิน,ประกันภัยและประกันชีวิต,บริษัท ทีคิวเอ็ม คอร์ปอเรชั่น จำกัด (มหาชน)
TR,TR,SET,สินค้าอุปโภคบริโภค,แฟชั่น,บริษัท ไทยเรยอน จำกัด (มหาชน)
TRC,TRC,SET,อสังหาริมทรัพย์และก่อสร้าง,บริการรับเหมาก่อสร้าง,บริษัท ทีอาร์ซี คอนสตรัคชั่น จำกัด (มหาชน)
TRITN,TRITN,SET,อสังหาริมทรัพย์และก่อสร้าง,บริการรับเหมาก่อสร้าง,บริษัท ไทรทัน โฮลดิ้ง จำกัด (มหาชน)
TRT,TRT,MAI,ทรัพยากร,-,บริษัท ถิรไทย จำกัด (มหาชน)
TRU,TRU,SET,สินค้าอุตสาหกรรม,ยานยนต์,บริษัท ไทยรุ่งยูเนียนคาร์ จำกัด (มหาชน)
TRUBB,TRUBB,SET,เกษตรและอุตสาหกรรมอาหาร,ธุรกิจการเกษตร,บริษัท ไทยรับเบอร์ลาเท็คซ์กรุ๊ป จำกัด (มหาชน)
TRUE,TRUE,SET,เทคโนโลยี,เทคโนโลยีสารสนเทศและการสื่อสาร,บริษัท ทรู คอร์ปอเรชั่น จำกัด (มหาชน)
TSC,TSC,SET,สินค้าอุตสาหกรรม,ยานยนต์,บริษัท ไทยสตีลเคเบิล จำกัด (มหาชน)
TSE,TSE,SET,ทรัพยากร,พลังงานและสาธารณูปโภค,บริษัท ไทย โซล่าร์ เอ็นเนอร์ยี่ จำกัด (มหาชน)
TSF,TSF,MAI,บริการ,-,บริษัท ทรีซิกตี้ไฟว์ จำกัด (มหาชน)
TSI,TSI,SET,ธุรกิจการเงิน,ประกันภัยและประกันชีวิต,บริษัท ไทยเศรษฐกิจประกันภัย จำกัด (มหาชน)
TSR,TSR,SET,สินค้าอุปโภคบริโภค,ของใช้ในครัวเรือนและสำนักงาน,บริษัท เธียรสุรัตน์ จำกัด (มหาชน)
TSTE,TSTE,SET,บริการ,ขนส่งและโลจิสติกส์,บริษัท ไทยชูการ์ เทอร์มิเนิ้ล จำกัด (มหาชน)
TSTH,TSTH,SET,สินค้าอุตสาหกรรม,เหล็ก,บริษัท ทาทา สตีล (ประเทศไทย) จำกัด (มหาชน)
TTA,TTA,SET,บริการ,ขนส่งและโลจิสติกส์,บริษัท โทรีเซนไทย เอเยนต์ซีส์ จำกัด (มหาชน)
TTCL,TTCL,SET,อสังหาริมทรัพย์และก่อสร้าง,บริการรับเหมาก่อสร้าง,บริษัท ทีทีซีแอล จำกัด (มหาชน)
TTI,TTI,SET,สินค้าอุปโภคบริโภค,แฟชั่น,บริษัท โรงงานผ้าไทย จำกัด (มหาชน)
TTT,TTT,SET,สินค้าอุปโภคบริโภค,แฟชั่น,บริษัท โทเร เท็กซ์ไทล์ (ประเทศไทย) จำกัด (มหาชน)
TTW,TTW,SET,ทรัพยากร,พลังงานและสาธารณูปโภค,บริษัท ทีทีดับบลิว จำกัด (มหาชน)
TU,TU,SET,เกษตรและอุตสาหกรรมอาหาร,อาหารและเครื่องดื่ม,บริษัท ไทยยูเนี่ยน กรุ๊ป จำกัด (มหาชน)
TVD,TVD,MAI,บริการ,-,บริษัท ทีวี ไดเร็ค จำกัด (มหาชน)
TVI,TVI,SET,ธุรกิจการเงิน,ประกันภัยและประกันชีวิต,บริษัท ประกันภัยไทยวิวัฒน์ จำกัด (มหาชน)
TVO,TVO,SET,เกษตรและอุตสาหกรรมอาหาร,อาหารและเครื่องดื่ม,บริษัท น้ำมันพืชไทย จำกัด (มหาชน)
TVT,TVT,MAI,บริการ,-,บริษัท ทีวี ธันเดอร์ จำกัด (มหาชน)
TWP,TWP,SET,สินค้าอุตสาหกรรม,เหล็ก,บริษัท ไทยไวร์โพรดัคท์ จำกัด (มหาชน)
TWPC,TWPC,SET,เกษตรและอุตสาหกรรมอาหาร,ธุรกิจการเกษตร,บริษัท ไทยวา จำกัด (มหาชน)
TWZ,TWZ,SET,เทคโนโลยี,เทคโนโลยีสารสนเทศและการสื่อสาร,บริษัท ทีดับบลิวแซด คอร์ปอเรชั่น จำกัด (มหาชน)
TYCN,TYCN,SET,สินค้าอุตสาหกรรม,เหล็ก,บริษัทไทยคูน เวิลด์ไวด์ กรุ๊ป (ประเทศไทย) จำกัด (มหาชน)
U,U,SET,อสังหาริมทรัพย์และก่อสร้าง,พัฒนาอสังหาริมทรัพย์,บริษัท ยู ซิตี้ จำกัด (มหาชน)
UAC,UAC,SET,สินค้าอุตสาหกรรม,ปิโตรเคมีและเคมีภัณฑ์,บริษัท ยูเอซี โกลบอล จำกัด (มหาชน)
UBIS,UBIS,MAI,สินค้าอุตสาหกรรม,-,บริษัท ยูบิส (เอเชีย) จำกัด (มหาชน)
UEC,UEC,MAI,สินค้าอุตสาหกรรม,-,บริษัท ยูนิมิต เอนจิเนียริ่ง จำกัด (มหาชน)
UKEM,UKEM,MAI,สินค้าอุตสาหกรรม,-,บริษัท ยูเนี่ยน ปิโตรเคมีคอล จำกัด (มหาชน)
UMI,UMI,SET,อสังหาริมทรัพย์และก่อสร้าง,วัสดุก่อสร้าง,บริษัท สหโมเสคอุตสาหกรรม จำกัด (มหาชน)
UMS,UMS,MAI,ทรัพยากร,-,บริษัท ยูนิค ไมนิ่ง เซอร์วิสเซส จำกัด (มหาชน)
UNIQ,UNIQ,SET,อสังหาริมทรัพย์และก่อสร้าง,บริการรับเหมาก่อสร้าง,บริษัท ยูนิค เอ็นจิเนียริ่ง แอนด์ คอนสตรัคชั่น จำกัด (มหาชน)
UOBKH,UOBKH,SET,ธุรกิจการเงิน,เงินทุนและหลักทรัพย์,บริษัทหลักทรัพย์ ยูโอบี เคย์เฮียน (ประเทศไทย) จำกัด (มหาชน)
UP,UP,SET,สินค้าอุตสาหกรรม,ปิโตรเคมีและเคมีภัณฑ์,บริษัท ยูเนี่ยนพลาสติก จำกัด (มหาชน)
UPA,UPA,MAI,เทคโนโลยี,-,บริษัท ยูไนเต็ด เพาเวอร์ ออฟ เอเชีย จำกัด (มหาชน)
UPF,UPF,SET,สินค้าอุปโภคบริโภค,แฟชั่น,บริษัท ยูเนี่ยนไพโอเนียร์ จำกัด (มหาชน)
UPOIC,UPOIC,SET,เกษตรและอุตสาหกรรมอาหาร,ธุรกิจการเกษตร,บริษัท สหอุตสาหกรรมน้ำมันปาล์ม จำกัด (มหาชน)
URBNPF,URBNPF,SET,อสังหาริมทรัพย์และก่อสร้าง,กองทุนรวมอสังหาริมทรัพย์และกองทรัสต์เพื่อการลงทุนในอสังหาริมทรัพย์,กองทุนรวมสิทธิการเช่าอสังหาริมทรัพย์เออร์บานา
UREKA,UREKA,MAI,สินค้าอุตสาหกรรม,-,บริษัท ยูเรกา ดีไซน์ จำกัด (มหาชน)
UT,UT,SET,สินค้าอุปโภคบริโภค,แฟชั่น,บริษัท ยูเนี่ยนอุตสาหกรรมสิ่งทอ จำกัด (มหาชน)
UTP,UTP,SET,สินค้าอุตสาหกรรม,กระดาษและวัสดุการพิมพ์,บริษัท ยูไนเต็ด เปเปอร์ จำกัด (มหาชน)
UV,UV,SET,อสังหาริมทรัพย์และก่อสร้าง,พัฒนาอสังหาริมทรัพย์,บริษัท ยูนิเวนเจอร์ จำกัด (มหาชน)
UWC,UWC,MAI,ทรัพยากร,-,บริษัท เอื้อวิทยา จำกัด (มหาชน)
VARO,VARO,SET,สินค้าอุตสาหกรรม,วัสดุอุตสาหกรรมและเครื่องจักร,บริษัท วโรปกรณ์ จำกัด (มหาชน)
VCOM,VCOM,MAI,เทคโนโลยี,-,บริษัท วินท์คอม เทคโนโลยี จำกัด (มหาชน)
VGI,VGI,SET,บริการ,สื่อและสิ่งพิมพ์,บริษัท วีจีไอ จำกัด (มหาชน)
VI,VI,SET,-,หมวดบริษัทจดทะเบียนที่อยู่ระหว่างฟื้นฟูการดำเนินงาน,บริษัท เวนเจอร์ อินคอร์ปอเรชั่น จำกัด (มหาชน)
VIBHA,VIBHA,SET,บริการ,การแพทย์,บริษัท โรงพยาบาลวิภาวดี จำกัด (มหาชน)
VIH,VIH,SET,บริการ,การแพทย์,บริษัท ศรีวิชัยเวชวิวัฒน์ จำกัด (มหาชน)
VL,VL,MAI,บริการ,-,บริษัท วี.แอล.เอ็นเตอร์ไพรส์ จำกัด (มหาชน)
VNG,VNG,SET,อสังหาริมทรัพย์และก่อสร้าง,วัสดุก่อสร้าง,บริษัท วนชัย กรุ๊ป จำกัด (มหาชน)
VNT,VNT,SET,สินค้าอุตสาหกรรม,ปิโตรเคมีและเคมีภัณฑ์,บริษัท วีนิไทย จำกัด (มหาชน)
VPO,VPO,SET,เกษตรและอุตสาหกรรมอาหาร,ธุรกิจการเกษตร,บริษัท วิจิตรภัณฑ์ปาล์มออยล์ จำกัด (มหาชน)
VRANDA,VRANDA,SET,บริการ,การท่องเที่ยวและสันทนาการ,บริษัท วีรันดา รีสอร์ท จำกัด (มหาชน)
WACOAL,WACOAL,SET,สินค้าอุปโภคบริโภค,แฟชั่น,บริษัท ไทยวาโก้ จำกัด (มหาชน)
WAVE,WAVE,SET,บริการ,สื่อและสิ่งพิมพ์,บริษัท เวฟ เอ็นเตอร์เทนเมนท์ จำกัด (มหาชน)
WG,WG,SET,สินค้าอุตสาหกรรม,ปิโตรเคมีและเคมีภัณฑ์,บริษัท ไว้ท์กรุ๊ป จำกัด (มหาชน)
WHA,WHA,SET,อสังหาริมทรัพย์และก่อสร้าง,พัฒนาอสังหาริมทรัพย์,บริษัท ดับบลิวเอชเอ คอร์ปอเรชั่น จำกัด (มหาชน)
WHABT,WHABT,SET,อสังหาริมทรัพย์และก่อสร้าง,กองทุนรวมอสังหาริมทรัพย์และกองทรัสต์เพื่อการลงทุนในอสังหาริมทรัพย์,ทรัสต์เพื่อการลงทุนในอสังหาริมทรัพย์และสิทธิการเช่าดับบลิวเอชเอ บิสซิเนส คอมเพล็กซ์
WHART,WHART,SET,อสังหาริมทรัพย์และก่อสร้าง,กองทุนรวมอสังหาริมทรัพย์และกองทรัสต์เพื่อการลงทุนในอสังหาริมทรัพย์,ทรัสต์เพื่อการลงทุนในอสังหาริมทรัพย์และสิทธิการเช่าดับบลิวเอชเอ พรีเมี่ยม โกรท
WHAUP,WHAUP,SET,ทรัพยากร,พลังงานและสาธารณูปโภค,บริษัท ดับบลิวเอชเอ ยูทิลิตี้ส์ แอนด์ พาวเวอร์ จำกัด (มหาชน)
WICE,WICE,SET,บริการ,ขนส่งและโลจิสติกส์,บริษัท ไวส์ โลจิสติกส์ จำกัด (มหาชน)
WIIK,WIIK,SET,อสังหาริมทรัพย์และก่อสร้าง,วัสดุก่อสร้าง,บริษัท วิค จำกัด (มหาชน)
WIN,WIN,SET,อสังหาริมทรัพย์และก่อสร้าง,พัฒนาอสังหาริมทรัพย์,บริษัท สวนอุตสาหกรรม วินโคสท์ จำกัด (มหาชน)
WINNER,WINNER,MAI,บริการ,-,บริษัท วินเนอร์กรุ๊ป เอ็นเตอร์ไพรซ์ จำกัด (มหาชน)
WORK,WORK,SET,บริการ,สื่อและสิ่งพิมพ์,บริษัท เวิร์คพอยท์ เอ็นเทอร์เทนเมนท์ จำกัด (มหาชน)
WORLD,WORLD,SET,-,หมวดบริษัทจดทะเบียนที่อยู่ระหว่างฟื้นฟูการดำเนินงาน,บริษัท เวิลด์ คอร์ปอเรชั่น จำกัด (มหาชน)
WP,WP,SET,ทรัพยากร,พลังงานและสาธารณูปโภค,บริษัท ดับบลิวพี เอ็นเนอร์ยี่ จำกัด (มหาชน)
WPH,WPH,SET,บริการ,การแพทย์,บริษัท โรงพยาบาลวัฒนแพทย์ ตรัง จำกัด (มหาชน)
XO,XO,MAI,เกษตรและอุตสาหกรรมอาหาร,-,บริษัท เอ็กโซติค ฟู้ด จำกัด (มหาชน)
YCI,YCI,SET,สินค้าอุตสาหกรรม,ปิโตรเคมีและเคมีภัณฑ์,บริษัท ยงไทย จำกัด (มหาชน)
YGG,YGG,MAI,บริการ,-,บริษัท อิ๊กดราซิล กรุ๊ป จำกัด (มหาชน)
YUASA,YUASA,MAI,สินค้าอุตสาหกรรม,-,บริษัท ยัวซ่าแบตเตอรี่ ประเทศไทย จำกัด (มหาชน)
ZEN,ZEN,SET,เกษตรและอุตสาหกรรมอาหาร,อาหารและเครื่องดื่ม,บริษัท เซ็น คอร์ปอเรชั่น กรุ๊ป จำกัด (มหาชน)
ZIGA,ZIGA,MAI,สินค้าอุตสาหกรรม,-,บริษัท ซิก้า อินโนเวชั่น จำกัด (มหาชน)
ZMICO,ZMICO,SET,ธุรกิจการเงิน,เงินทุนและหลักทรัพย์,บริษัทหลักทรัพย์ ซีมิโก้ จำกัด (มหาชน)
